-- GAMEOBJECT

DELETE FROM `gameobject_template` WHERE `entry` IN (1618 /*1618*/, 196849 /*196849*/, 196879 /*196879*/, 195465 /*195465*/, 195306 /*195306*/, 202695 /*202695*/, 196404 /*196404*/, 196412 /*196412*/, 196400 /*196400*/, 195430 /*195430*/, 1617 /*1617*/, 1731 /*1731*/, 196403 /*196403*/, 195581 /*195581*/, 196880 /*196880*/, 195454 /*195454*/, 195621 /*195621*/, 196401 /*196401*/, 204986 /*204986*/, 207417 /*207417*/, 195579 /*195579*/, 196846 /*196846*/, 196854 /*196854*/, 204423 /*204423*/, 195453 /*195453*/, 202191 /*202191*/, 202696 /*202696*/, 202694 /*202694*/, 207093 /*207093*/, 202591 /*202591*/, 196472 /*196472*/, 197337 /*197337*/, 196394 /*196394*/, 195580 /*195580*/, 195466 /*195466*/, 207330 /*207330*/, 206693 /*206693*/, 196399 /*196399*/, 195327 /*195327*/);
INSERT INTO `gameobject_template` (`entry`, `type`, `displayId`, `name`, `IconName`, `castBarCaption`, `unk1`, `size`, `Data0`, `Data1`, `Data2`, `Data3`, `Data4`, `Data5`, `Data6`, `Data7`, `Data8`, `Data9`, `Data10`, `Data11`, `Data12`, `Data13`, `Data14`, `Data15`, `Data16`, `Data17`, `Data18`, `Data19`, `Data20`, `Data21`, `Data22`, `Data23`, `Data24`, `Data25`, `Data26`, `Data27`, `Data28`, `Data29`, `Data30`, `Data31`, `Data32`, `RequiredLevel`, `VerifiedBuild`) VALUES
(1618, 50, 269, 'Peacebloom', '', '', '', 0.5, 29, 1415, 0, 0, 50, 100, 30, 0, 0, 0, 0, 0, 15, 1, 0, 0, 0, 0, 10, 0, 0, 0, 0, 0, 0, 0, 0, 0, 0, 0, 0, 0, 0, 0, 25549), -- 1618
(196849, 8, 9138, 'Brazier', '', '', '', 1, 4, 10, 2061, 0, 0, 0, 0, 0, 0, 0, 0, 0, 0, 0, 0, 0, 0, 0, 0, 0, 0, 0, 0, 0, 0, 0, 0, 0, 0, 0, 0, 0, 0, 0, 25549), -- 196849
(196879, 8, 9141, 'Forge', '', '', '', 0.85, 3, 10, 0, 0, 0, 0, 0, 0, 0, 0, 0, 0, 0, 0, 0, 0, 0, 0, 0, 0, 0, 0, 0, 0, 0, 0, 0, 0, 0, 0, 0, 0, 0, 0, 25549), -- 196879
(195465, 1, 9039, '', '', '', '', 1, 0, 0, 0, 0, 0, 0, 0, 0, 0, 0, 0, 0, 0, 0, 0, 0, 0, 0, 0, 0, 0, 0, 0, 0, 0, 0, 0, 0, 0, 0, 0, 0, 0, 0, 25549), -- 195465
(195306, 3, 336, 'Supply Crate', '', '', '', 1, 1691, 27307, 0, 1, 0, 0, 0, 0, 0, 0, 0, 0, 0, 0, 0, 0, 0, 0, 0, 0, 0, 0, 0, 0, 0, 0, 0, 0, 0, 0, 0, 0, 0, 0, 25549), -- 195306
(202695, 7, 9374, 'Bench', '', '', '', 1, 1, 1, 0, 0, 0, 0, 0, 0, 0, 0, 0, 0, 0, 0, 0, 0, 0, 0, 0, 0, 0, 0, 0, 0, 0, 0, 0, 0, 0, 0, 0, 0, 0, 0, 25549), -- 202695
(196404, 0, 9028, 'Basement Door', '', '', '', 0.9199, 1, 0, 0, 0, 0, 0, 0, 0, 0, 0, 0, 0, 0, 0, 0, 0, 0, 0, 0, 0, 0, 0, 0, 0, 0, 0, 0, 0, 0, 0, 0, 0, 0, 0, 25549), -- 196404
(196412, 0, 9062, 'King\'s Gate', '', '', '', 0.87, 0, 1691, 5000, 0, 0, 0, 0, 0, 0, 0, 0, 0, 0, 0, 0, 0, 0, 0, 0, 0, 0, 0, 0, 0, 0, 0, 0, 0, 0, 0, 0, 0, 0, 0, 25549), -- 196412
(196400, 0, 9063, '', '', '', '', 0.63, 0, 0, 3, 0, 0, 0, 0, 0, 0, 0, 0, 0, 0, 0, 0, 0, 0, 0, 0, 0, 0, 0, 0, 0, 0, 0, 0, 0, 0, 0, 0, 0, 0, 0, 25549), -- 196400
(195430, 0, 9028, 'Cellar Door', '', '', '', 1, 1, 0, 0, 0, 0, 0, 0, 0, 0, 0, 0, 0, 0, 0, 0, 0, 0, 0, 0, 0, 0, 0, 0, 0, 0, 0, 0, 0, 0, 0, 0, 0, 0, 0, 25549), -- 195430
(1617, 50, 270, 'Silverleaf', '', '', '', 0.6, 29, 1414, 0, 0, 50, 100, 30, 0, 0, 0, 0, 0, 15, 1, 0, 0, 0, 0, 10, 0, 0, 0, 0, 0, 0, 0, 0, 0, 0, 0, 0, 0, 0, 0, 25549), -- 1617
(1731, 50, 310, 'Copper Vein', '', '', '', 0.5, 38, 1502, 0, 0, 50, 100, 30, 0, 0, 0, 0, 0, 15, 1, 0, 0, 0, 0, 10, 0, 0, 0, 0, 0, 0, 0, 0, 0, 0, 0, 0, 0, 0, 0, 25549), -- 1731
(196403, 3, 9095, 'Black Gunpowder Keg', '', 'Retrieving', '', 1, 1691, 27574, 0, 1, 0, 0, 0, 0, 0, 0, 0, 0, 0, 0, 23645, 0, 0, 0, 0, 0, 0, 0, 0, 0, 0, 0, 0, 0, 0, 0, 0, 0, 0, 0, 25549), -- 196403
(195581, 0, 9063, '', '', '', '', 0.6, 0, 0, 3, 0, 0, 0, 0, 0, 0, 0, 0, 0, 0, 0, 0, 0, 0, 0, 0, 0, 0, 0, 0, 0, 0, 0, 0, 0, 0, 0, 0, 0, 0, 0, 25549), -- 195581
(196880, 8, 9142, 'Anvil', '', '', '', 1.56, 1, 10, 0, 0, 0, 0, 0, 0, 0, 0, 0, 0, 0, 0, 0, 0, 0, 0, 0, 0, 0, 0, 0, 0, 0, 0, 0, 0, 0, 0, 0, 0, 0, 0, 25549), -- 196880
(195454, 1, 9033, '', '', '', '', 0.87, 0, 0, 0, 0, 0, 0, 0, 0, 0, 0, 0, 0, 0, 0, 0, 0, 0, 0, 0, 0, 0, 0, 0, 0, 0, 0, 0, 0, 0, 0, 0, 0, 0, 0, 25549), -- 195454
(195621, 0, 9028, 'Cellar Door', '', '', '', 1, 0, 0, 8000, 0, 0, 0, 0, 0, 0, 0, 0, 0, 0, 0, 0, 0, 0, 0, 0, 0, 0, 0, 0, 0, 0, 0, 0, 0, 0, 0, 0, 0, 0, 0, 25549), -- 195621
(196401, 0, 9063, '', '', '', '', 0.35, 0, 0, 3, 0, 0, 0, 0, 0, 0, 0, 0, 0, 0, 0, 0, 0, 0, 0, 0, 0, 0, 0, 0, 0, 0, 0, 0, 0, 0, 0, 0, 0, 0, 0, 25549), -- 196401
(204986, 0, 9062, 'Cathedral Gate', '', '', '', 0.4, 0, 0, 3000, 0, 0, 0, 0, 0, 0, 0, 0, 0, 0, 0, 0, 0, 0, 0, 0, 0, 0, 0, 0, 0, 0, 0, 0, 0, 0, 0, 0, 0, 0, 0, 25549), -- 204986
(207417, 6, 9510, 'Crow Scatter Trap', '', '', '', 1, 0, 0, 15, 93275, 1, 0, 0, 0, 0, 0, 0, 0, 0, 0, 0, 0, 0, 0, 0, 0, 0, 0, 0, 0, 0, 0, 0, 0, 0, 0, 0, 0, 0, 0, 25549), -- 207417
(195579, 0, 9063, '', '', '', '', 0.9, 0, 0, 3, 0, 0, 0, 0, 0, 0, 0, 0, 0, 0, 0, 0, 0, 0, 0, 0, 0, 0, 0, 0, 0, 0, 0, 0, 0, 0, 0, 0, 0, 0, 0, 25549), -- 195579
(196846, 19, 9139, 'Mailbox', '', '', '', 1.23, 0, 0, 0, 0, 0, 0, 0, 0, 0, 0, 0, 0, 0, 0, 0, 0, 0, 0, 0, 0, 0, 0, 0, 0, 0, 0, 0, 0, 0, 0, 0, 0, 0, 0, 25549), -- 196846
(196854, 8, 9140, 'Cookpot', '', '', '', 1.07, 4, 10, 2061, 0, 0, 0, 0, 0, 0, 0, 0, 0, 0, 0, 0, 0, 0, 0, 0, 0, 0, 0, 0, 0, 0, 0, 0, 0, 0, 0, 0, 0, 0, 0, 25549), -- 196854
(204423, 15, 8253, 'Orc Gunship', '', '', '', 1, 2337, 1, 10, 0, 0, 0, -1, 0, 1, 0, 0, 0, 0, 0, 0, 0, 0, 0, 0, 0, 0, 0, 0, 0, 0, 0, 0, 0, 0, 0, 0, 0, 0, 0, 25549), -- 204423
(195453, 1, 9032, '', '', '', '', 0.97, 0, 0, 0, 0, 0, 0, 0, 0, 0, 0, 0, 0, 0, 0, 0, 0, 0, 0, 0, 0, 0, 0, 0, 0, 0, 0, 0, 0, 0, 0, 0, 0, 0, 0, 25549), -- 195453
(202191, 0, 9062, '', '', '', '', 0.4, 0, 0, 3000, 0, 0, 0, 0, 0, 0, 0, 0, 0, 0, 0, 0, 0, 0, 0, 0, 0, 0, 0, 0, 0, 0, 0, 0, 0, 0, 0, 0, 0, 0, 0, 25549), -- 202191
(202696, 7, 9374, 'Bench', '', '', '', 1, 1, 1, 0, 0, 0, 0, 0, 0, 0, 0, 0, 0, 0, 0, 0, 0, 0, 0, 0, 0, 0, 0, 0, 0, 0, 0, 0, 0, 0, 0, 0, 0, 0, 0, 25549), -- 202696
(202694, 7, 9374, 'Bench', '', '', '', 1, 1, 1, 0, 0, 0, 0, 0, 0, 0, 0, 0, 0, 0, 0, 0, 0, 0, 0, 0, 0, 0, 0, 0, 0, 0, 0, 0, 0, 0, 0, 0, 0, 0, 0, 25549), -- 202694
(207093, 8, 199, 'Cozy Fire', '', '', '', 0.889709, 4, 10, 2061, 0, 0, 0, 0, 0, 0, 0, 0, 0, 0, 0, 0, 0, 0, 0, 0, 0, 0, 0, 0, 0, 0, 0, 0, 0, 0, 0, 0, 0, 0, 0, 25549), -- 207093
(202591, 19, 9139, 'Mailbox', '', '', '', 1, 0, 0, 0, 0, 0, 0, 0, 0, 0, 0, 0, 0, 0, 0, 0, 0, 0, 0, 0, 0, 0, 0, 0, 0, 0, 0, 0, 0, 0, 0, 0, 0, 0, 0, 25549), -- 202591
(196472, 3, 9122, 'Grandma\'s Good Clothes', '', 'Retrieving', '', 1.2, 1691, 27591, 1, 0, 0, 0, 0, 0, 0, 0, 0, 0, 0, 0, 23645, 0, 0, 0, 0, 0, 0, 0, 0, 0, 0, 0, 0, 0, 0, 0, 0, 0, 0, 0, 25549), -- 196472
(197337, 13, 9147, 'Gilneas Invasion Camera', '', '', '', 1, 0, 168, 0, 0, 0, 0, 0, 0, 0, 0, 0, 0, 0, 0, 0, 0, 0, 0, 0, 0, 0, 0, 0, 0, 0, 0, 0, 0, 0, 0, 0, 0, 0, 0, 25549), -- 197337
(196394, 2, 9093, 'Crate of Mandrake Essence', '', '', '', 1, 0, 9884, 0, 0, 0, 0, 0, 0, 0, 0, 0, 0, 0, 0, 0, 0, 0, 0, 0, 0, 0, 0, 0, 0, 0, 0, 0, 0, 0, 0, 0, 0, 0, 0, 25549), -- 196394
(195580, 0, 9062, '', '', '', '', 0.72, 0, 0, 3, 0, 0, 0, 0, 0, 0, 0, 0, 0, 0, 0, 0, 0, 0, 0, 0, 0, 0, 0, 0, 0, 0, 0, 0, 0, 0, 0, 0, 0, 0, 0, 25549), -- 195580
(195466, 1, 9039, '', '', '', '', 1, 0, 0, 0, 0, 0, 0, 0, 0, 0, 0, 0, 0, 0, 0, 0, 0, 0, 0, 0, 0, 0, 0, 0, 0, 0, 0, 0, 0, 0, 0, 0, 0, 0, 0, 25549), -- 195466
(207330, 8, 9140, 'Cauldron', '', '', '', 1, 4, 10, 2061, 0, 0, 0, 0, 0, 0, 0, 0, 0, 0, 0, 0, 0, 0, 0, 0, 0, 0, 0, 0, 0, 0, 0, 0, 0, 0, 0, 0, 0, 0, 0, 25549), -- 207330
(206693, 0, 9028, 'Doodad_Worgen_Cellar_Door_02', '', '', '', 0.9199, 0, 0, 3000, 0, 0, 0, 0, 0, 0, 0, 0, 0, 0, 0, 0, 0, 0, 0, 0, 0, 0, 0, 0, 0, 0, 0, 0, 0, 0, 0, 0, 0, 0, 0, 25549), -- 206693
(196399, 0, 9063, '', '', '', '', 0.32, 0, 0, 3, 0, 0, 0, 0, 0, 0, 0, 0, 0, 0, 0, 0, 0, 0, 0, 0, 0, 0, 0, 0, 0, 0, 0, 0, 0, 0, 0, 0, 0, 0, 0, 25549), -- 196399
(195327, 10, 9023, 'Merchant Square Door', '', '', '', 1, 1944, 14098, 0, 15000, 0, 0, 0, 0, 0, 0, 0, 0, 0, 0, 0, 0, 0, 0, 0, 0, 0, 0, 0, 0, 0, 0, 0, 0, 0, 0, 0, 0, 0, 0, 25549); -- 195327

DELETE FROM `gameobject_template` WHERE `entry` IN (176310 /*176310*/, 203428 /*203428*/, 201594 /*201594*/, 201914 /*201914*/, 197338 /*197338*/, 202646 /*202646*/, 202644 /*202644*/, 202635 /*202635*/, 202630 /*202630*/, 202629 /*202629*/, 202637 /*202637*/, 196810 /*196810*/, 196809 /*196809*/, 196466 /*196466*/, 207626 /*207626*/, 201871 /*201871*/, 201939 /*201939*/, 201950 /*201950*/, 1619 /*1619*/, 205005 /*205005*/, 205009 /*205009*/, 202625 /*202625*/, 202624 /*202624*/, 202634 /*202634*/, 202627 /*202627*/, 202626 /*202626*/, 202642 /*202642*/, 202633 /*202633*/, 202640 /*202640*/, 196465 /*196465*/, 195112 /*195112*/, 202319 /*202319*/, 201964 /*201964*/, 195578 /*195578*/, 201775 /*201775*/, 201952 /*201952*/, 201607 /*201607*/, 202632 /*202632*/, 202643 /*202643*/, 202636 /*202636*/, 202631 /*202631*/, 202639 /*202639*/, 196808 /*196808*/, 197333 /*197333*/, 208831 /*208831*/, 204458 /*204458*/, 204428 /*204428*/, 207999 /*207999*/, 201951 /*201951*/, 201891 /*201891*/, 202628 /*202628*/, 202645 /*202645*/, 202641 /*202641*/, 202638 /*202638*/, 196864 /*196864*/, 196863 /*196863*/, 196473 /*196473*/);
INSERT INTO `gameobject_template` (`entry`, `type`, `displayId`, `name`, `IconName`, `castBarCaption`, `unk1`, `size`, `Data0`, `Data1`, `Data2`, `Data3`, `Data4`, `Data5`, `Data6`, `Data7`, `Data8`, `Data9`, `Data10`, `Data11`, `Data12`, `Data13`, `Data14`, `Data15`, `Data16`, `Data17`, `Data18`, `Data19`, `Data20`, `Data21`, `Data22`, `Data23`, `Data24`, `Data25`, `Data26`, `Data27`, `Data28`, `Data29`, `Data30`, `Data31`, `Data32`, `RequiredLevel`, `VerifiedBuild`) VALUES
(176310, 15, 3015, 'Ship (The Bravery)', '', '', '', 1, 967, 30, 1, 0, 0, 1, 588, 0, 0, 0, 0, 0, 0, 0, 0, 0, 0, 0, 0, 0, 0, 0, 0, 0, 0, 0, 0, 0, 0, 0, 0, 0, 0, 0, 25549), -- 176310
(203428, 15, 8253, 'Orc Gunship', '', '', '', 1, 2338, 15, 10, 0, 0, 83, 749, 0, 0, 0, 0, 0, 0, 0, 0, 0, 0, 0, 0, 0, 0, 0, 0, 0, 0, 0, 0, 0, 0, 0, 0, 0, 0, 0, 25549), -- 203428
(201594, 3, 6957, 'Koroth\'s Banner', '', '', '', 2, 1691, 27732, 0, 1, 0, 0, 0, 0, 0, 0, 0, 0, 0, 0, 0, 0, 0, 0, 0, 0, 0, 0, 0, 0, 0, 0, 0, 0, 0, 0, 0, 0, 0, 0, 25549), -- 201594
(201914, 3, 270, 'Moonleaf', '', 'Collecting', '', 0.35, 259, 27783, 0, 1, 0, 0, 0, 0, 0, 0, 0, 0, 0, 0, 19676, 0, 0, 0, 0, 0, 0, 0, 0, 0, 0, 0, 0, 0, 0, 0, 0, 0, 0, 0, 25549), -- 201914
(197338, 1, 9146, '', '', '', '', 0.76, 0, 0, 0, 0, 0, 0, 0, 0, 0, 0, 0, 0, 0, 0, 0, 0, 0, 0, 0, 0, 0, 0, 0, 0, 0, 0, 0, 0, 0, 0, 0, 0, 0, 0, 25549), -- 197338
(202646, 7, 9376, 'Bench', '', '', '', 1, 1, 1, 0, 0, 0, 0, 0, 0, 0, 0, 0, 0, 0, 0, 0, 0, 0, 0, 0, 0, 0, 0, 0, 0, 0, 0, 0, 0, 0, 0, 0, 0, 0, 0, 25549), -- 202646
(202644, 7, 9376, 'Bench', '', '', '', 1, 1, 1, 0, 0, 0, 0, 0, 0, 0, 0, 0, 0, 0, 0, 0, 0, 0, 0, 0, 0, 0, 0, 0, 0, 0, 0, 0, 0, 0, 0, 0, 0, 0, 0, 25549), -- 202644
(202635, 7, 9375, 'Rocking Chair', '', '', '', 1, 1, 1, 0, 0, 0, 0, 0, 0, 0, 0, 0, 0, 0, 0, 0, 0, 0, 0, 0, 0, 0, 0, 0, 0, 0, 0, 0, 0, 0, 0, 0, 0, 0, 0, 25549), -- 202635
(202630, 7, 9375, 'Rocking Chair', '', '', '', 1, 1, 1, 0, 0, 0, 0, 0, 0, 0, 0, 0, 0, 0, 0, 0, 0, 0, 0, 0, 0, 0, 0, 0, 0, 0, 0, 0, 0, 0, 0, 0, 0, 0, 0, 25549), -- 202630
(202629, 7, 9375, 'Rocking Chair', '', '', '', 1, 1, 1, 0, 0, 0, 0, 0, 0, 0, 0, 0, 0, 0, 0, 0, 0, 0, 0, 0, 0, 0, 0, 0, 0, 0, 0, 0, 0, 0, 0, 0, 0, 0, 0, 25549), -- 202629
(202637, 7, 9375, 'Rocking Chair', '', '', '', 1, 1, 1, 0, 0, 0, 0, 0, 0, 0, 0, 0, 0, 0, 0, 0, 0, 0, 0, 0, 0, 0, 0, 0, 0, 0, 0, 0, 0, 0, 0, 0, 0, 0, 0, 25549), -- 202637
(196810, 3, 317, 'Shipwright\'s Tools', '', '', '', 0.85, 1691, 27605, 0, 1, 0, 0, 0, 0, 0, 0, 0, 0, 0, 0, 0, 0, 0, 0, 0, 0, 0, 0, 0, 0, 0, 0, 0, 0, 0, 0, 0, 0, 0, 0, 25549), -- 196810
(196809, 3, 6736, 'Planks of Wood', '', '', '', 1, 1691, 27604, 0, 1, 0, 0, 0, 0, 0, 0, 0, 0, 0, 0, 0, 0, 0, 0, 0, 0, 0, 0, 0, 0, 0, 0, 0, 0, 0, 0, 0, 0, 0, 0, 25549), -- 196809
(196466, 3, 9120, 'Dustfall', '', '', '', 1, 0, 0, 0, 1, 0, 0, 0, 0, 0, 0, 0, 0, 0, 0, 0, 0, 0, 0, 0, 0, 0, 0, 0, 0, 0, 0, 0, 0, 0, 0, 0, 0, 0, 0, 25549), -- 196466
(207626, 10, 7225, 'Liam\'s Coffin [INTERNAL]', '', '', '', 1, 0, 0, 0, 3000, 0, 0, 0, 0, 0, 0, 0, 0, 0, 0, 0, 0, 0, 0, 0, 0, 0, 0, 0, 0, 0, 0, 0, 0, 0, 0, 0, 0, 0, 0, 25549), -- 207626
(201871, 3, 49, 'Disturbed Soil', '', 'Retrieving', '', 1, 43, 27777, 0, 1, 0, 0, 0, 0, 0, 0, 0, 0, 0, 0, 23645, 0, 0, 0, 0, 0, 0, 0, 0, 0, 0, 0, 0, 0, 0, 0, 0, 0, 0, 0, 25549), -- 201871
(201939, 3, 5743, 'Worn Coffer', '', '', '', 1, 1691, 27788, 0, 0, 0, 0, 0, 0, 0, 0, 0, 0, 0, 0, 0, 0, 0, 0, 0, 0, 0, 0, 0, 0, 0, 0, 0, 0, 0, 0, 0, 0, 0, 0, 25549), -- 201939
(201950, 10, 439, 'Well of Fury', '', 'Drinking', '', 0.7, 93, 24593, 0, 3000, 0, 0, 0, 0, 0, 0, 71200, 0, 0, 0, 21295, 0, 0, 0, 0, 0, 0, 0, 0, 0, 0, 0, 0, 0, 0, 0, 0, 0, 0, 0, 25549), -- 201950
(1619, 50, 414, 'Earthroot', '', '', '', 0.4, 29, 1416, 0, 0, 65, 115, 30, 0, 0, 0, 0, 0, 20, 1, 0, 0, 0, 0, 10, 0, 0, 0, 0, 0, 0, 0, 0, 0, 0, 0, 0, 0, 0, 0, 25549), -- 1619
(205005, 8, 9142, 'Anvil', '', '', '', 1.5531, 1, 10, 0, 0, 0, 0, 0, 0, 0, 0, 0, 0, 0, 0, 0, 0, 0, 0, 0, 0, 0, 0, 0, 0, 0, 0, 0, 0, 0, 0, 0, 0, 0, 0, 25549), -- 205005
(205009, 8, 9141, 'Forge', '', '', '', 0.919897, 3, 10, 0, 0, 0, 0, 0, 0, 0, 0, 0, 0, 0, 0, 0, 0, 0, 0, 0, 0, 0, 0, 0, 0, 0, 0, 0, 0, 0, 0, 0, 0, 0, 0, 25549), -- 205009
(202625, 7, 9374, 'Bench', '', '', '', 1, 1, 1, 0, 0, 0, 0, 0, 0, 0, 0, 0, 0, 0, 0, 0, 0, 0, 0, 0, 0, 0, 0, 0, 0, 0, 0, 0, 0, 0, 0, 0, 0, 0, 0, 25549), -- 202625
(202624, 7, 9374, 'Bench', '', '', '', 1, 1, 1, 0, 0, 0, 0, 0, 0, 0, 0, 0, 0, 0, 0, 0, 0, 0, 0, 0, 0, 0, 0, 0, 0, 0, 0, 0, 0, 0, 0, 0, 0, 0, 0, 25549), -- 202624
(202634, 7, 9376, 'Bench', '', '', '', 1, 1, 1, 0, 0, 0, 0, 0, 0, 0, 0, 0, 0, 0, 0, 0, 0, 0, 0, 0, 0, 0, 0, 0, 0, 0, 0, 0, 0, 0, 0, 0, 0, 0, 0, 25549), -- 202634
(202627, 7, 9375, 'Rocking Chair', '', '', '', 1, 1, 1, 0, 0, 0, 0, 0, 0, 0, 0, 0, 0, 0, 0, 0, 0, 0, 0, 0, 0, 0, 0, 0, 0, 0, 0, 0, 0, 0, 0, 0, 0, 0, 0, 25549), -- 202627
(202626, 7, 9375, 'Rocking Chair', '', '', '', 1, 1, 1, 0, 0, 0, 0, 0, 0, 0, 0, 0, 0, 0, 0, 0, 0, 0, 0, 0, 0, 0, 0, 0, 0, 0, 0, 0, 0, 0, 0, 0, 0, 0, 0, 25549), -- 202626
(202642, 7, 9375, 'Rocking Chair', '', '', '', 1, 1, 1, 0, 0, 0, 0, 0, 0, 0, 0, 0, 0, 0, 0, 0, 0, 0, 0, 0, 0, 0, 0, 0, 0, 0, 0, 0, 0, 0, 0, 0, 0, 0, 0, 25549), -- 202642
(202633, 7, 9376, 'Bench', '', '', '', 1, 1, 1, 0, 0, 0, 0, 0, 0, 0, 0, 0, 0, 0, 0, 0, 0, 0, 0, 0, 0, 0, 0, 0, 0, 0, 0, 0, 0, 0, 0, 0, 0, 0, 0, 25549), -- 202633
(202640, 7, 9375, 'Rocking Chair', '', '', '', 1, 1, 1, 0, 0, 0, 0, 0, 0, 0, 0, 0, 0, 0, 0, 0, 0, 0, 0, 0, 0, 0, 0, 0, 0, 0, 0, 0, 0, 0, 0, 0, 0, 0, 0, 25549), -- 202640
(196465, 3, 9119, 'Dustfall', '', '', '', 1, 0, 0, 0, 1, 0, 0, 0, 0, 0, 0, 0, 0, 0, 0, 0, 0, 0, 0, 0, 0, 0, 0, 0, 0, 0, 0, 0, 0, 0, 0, 0, 0, 0, 0, 25549), -- 196465
(195112, 0, 4673, 'Barrow Den Door', '', '', '', 0.35, 0, 1837, 196608, 0, 0, 0, 0, 0, 0, 0, 1, 0, 0, 0, 0, 0, 0, 0, 0, 0, 0, 0, 0, 0, 0, 0, 0, 0, 0, 0, 0, 0, 0, 0, 25549), -- 195112
(202319, 5, 6660, 'Blessed Offerings', '', '', '', 1, 0, 0, 0, 0, 0, 0, 0, 0, 0, 0, 0, 0, 0, 0, 0, 0, 0, 0, 0, 0, 0, 0, 0, 0, 0, 0, 0, 0, 0, 0, 0, 0, 0, 0, 25549), -- 202319
(201964, 8, 9247, 'Aderic\'s Tomb', '', '', '', 1, 1643, 10, 0, 0, 0, 0, 0, 0, 0, 0, 0, 0, 0, 0, 0, 0, 0, 0, 0, 0, 0, 0, 0, 0, 0, 0, 0, 0, 0, 0, 0, 0, 0, 0, 25549), -- 201964
(195578, 0, 9062, '', '', '', '', 0.89, 1, 0, 0, 0, 0, 0, 0, 0, 0, 0, 0, 0, 0, 0, 0, 0, 0, 0, 0, 0, 0, 0, 0, 0, 0, 0, 0, 0, 0, 0, 0, 0, 0, 0, 25549), -- 195578
(201775, 10, 181, 'Ball and Chain', '', 'Unlocking', '', 1, 1851, 0, 0, 0, 0, 0, 0, 0, 0, 0, 70354, 0, 0, 0, 24815, 0, 0, 0, 0, 0, 0, 0, 0, 0, 0, 0, 1, 0, 0, 0, 0, 0, 0, 0, 25549), -- 201775
(201952, 10, 439, 'Well of Balance', '', 'Drinking', '', 0.7, 93, 24593, 0, 3000, 0, 0, 0, 0, 0, 0, 71200, 0, 0, 0, 21295, 0, 0, 0, 0, 0, 0, 0, 0, 0, 0, 0, 0, 0, 0, 0, 0, 0, 0, 0, 25549), -- 201952
(201607, 3, 9130, 'Old Journal Page', '', 'Collecting', '', 1, 1852, 27739, 0, 1, 0, 0, 0, 0, 0, 0, 0, 0, 0, 0, 19676, 0, 0, 0, 0, 0, 0, 0, 0, 0, 0, 0, 0, 0, 0, 0, 0, 0, 0, 0, 25549), -- 201607
(202632, 7, 9376, 'Bench', '', '', '', 1, 1, 1, 0, 0, 0, 0, 0, 0, 0, 0, 0, 0, 0, 0, 0, 0, 0, 0, 0, 0, 0, 0, 0, 0, 0, 0, 0, 0, 0, 0, 0, 0, 0, 0, 25549), -- 202632
(202643, 7, 9376, 'Bench', '', '', '', 1, 1, 1, 0, 0, 0, 0, 0, 0, 0, 0, 0, 0, 0, 0, 0, 0, 0, 0, 0, 0, 0, 0, 0, 0, 0, 0, 0, 0, 0, 0, 0, 0, 0, 0, 25549), -- 202643
(202636, 7, 9375, 'Rocking Chair', '', '', '', 1, 1, 1, 0, 0, 0, 0, 0, 0, 0, 0, 0, 0, 0, 0, 0, 0, 0, 0, 0, 0, 0, 0, 0, 0, 0, 0, 0, 0, 0, 0, 0, 0, 0, 0, 25549), -- 202636
(202631, 7, 9375, 'Rocking Chair', '', '', '', 1, 1, 1, 0, 0, 0, 0, 0, 0, 0, 0, 0, 0, 0, 0, 0, 0, 0, 0, 0, 0, 0, 0, 0, 0, 0, 0, 0, 0, 0, 0, 0, 0, 0, 0, 25549), -- 202631
(202639, 7, 9375, 'Rocking Chair', '', '', '', 1, 1, 1, 0, 0, 0, 0, 0, 0, 0, 0, 0, 0, 0, 0, 0, 0, 0, 0, 0, 0, 0, 0, 0, 0, 0, 0, 0, 0, 0, 0, 0, 0, 0, 0, 25549), -- 202639
(196808, 3, 9095, 'Barrel of Coal Tar', '', '', '', 1, 1691, 27603, 0, 1, 0, 0, 0, 0, 0, 0, 0, 0, 0, 0, 0, 0, 0, 0, 0, 0, 0, 0, 0, 0, 0, 0, 0, 0, 0, 0, 0, 0, 0, 0, 25549), -- 196808
(197333, 10, 9510, 'Gilneas - Drowning Sparkles', '', '', '', 2, 0, 14395, 0, 3, 0, 0, 0, 0, 0, 0, 0, 0, 0, 0, 0, 0, 0, 0, 0, 0, 0, 0, 0, 0, 0, 0, 0, 0, 0, 0, 0, 0, 0, 0, 25549), -- 197333
(208831, 3, 261, 'Teldrassil Clam', '', '', '', 0.5, 1691, 39774, 0, 1, 0, 0, 0, 0, 0, 0, 0, 0, 0, 0, 0, 0, 0, 0, 0, 0, 0, 0, 0, 0, 0, 0, 0, 0, 0, 0, 0, 0, 0, 0, 25549), -- 208831
(204458, 8, 9539, 'Incendiary Explosives', '', '', '', 2, 0, 10, 0, 0, 0, 0, 0, 0, 0, 0, 0, 0, 0, 0, 0, 0, 0, 0, 0, 0, 0, 0, 0, 0, 0, 0, 0, 0, 0, 0, 0, 0, 0, 0, 25549), -- 204458
(204428, 10, 7538, 'Rope', '', '', '', 1, 0, 0, 0, 3000, 0, 0, 0, 0, 0, 0, 81425, 0, 0, 0, 0, 0, 0, 0, 0, 0, 0, 0, 0, 0, 0, 0, 0, 0, 0, 0, 0, 0, 0, 0, 25549), -- 204428
(207999, 10, 352, 'Liam\'s Coffin Lid [INTERNAL]', '', '', '', 1, 0, 0, 0, 3000, 0, 0, 0, 0, 0, 0, 0, 0, 0, 0, 0, 0, 0, 0, 0, 0, 0, 0, 0, 0, 0, 0, 0, 0, 0, 0, 0, 0, 0, 0, 25549), -- 207999
(201951, 10, 439, 'Well of Tranquility', '', 'Drinking', '', 0.7, 93, 24593, 0, 3000, 0, 0, 0, 0, 0, 0, 71200, 0, 0, 0, 21295, 0, 0, 0, 0, 0, 0, 0, 0, 0, 0, 0, 0, 0, 0, 0, 0, 0, 0, 0, 25549), -- 201951
(201891, 5, 6957, 'Stolen Banner', '', '', '', 1, 0, 0, 0, 1, 0, 0, 0, 0, 0, 0, 0, 0, 0, 0, 0, 0, 0, 0, 0, 0, 0, 0, 0, 0, 0, 0, 0, 0, 0, 0, 0, 0, 0, 0, 25549), -- 201891
(202628, 7, 9375, 'Rocking Chair', '', '', '', 1, 1, 1, 0, 0, 0, 0, 0, 0, 0, 0, 0, 0, 0, 0, 0, 0, 0, 0, 0, 0, 0, 0, 0, 0, 0, 0, 0, 0, 0, 0, 0, 0, 0, 0, 25549), -- 202628
(202645, 7, 9376, 'Bench', '', '', '', 1, 1, 1, 0, 0, 0, 0, 0, 0, 0, 0, 0, 0, 0, 0, 0, 0, 0, 0, 0, 0, 0, 0, 0, 0, 0, 0, 0, 0, 0, 0, 0, 0, 0, 0, 25549), -- 202645
(202641, 7, 9375, 'Rocking Chair', '', '', '', 1, 1, 1, 0, 0, 0, 0, 0, 0, 0, 0, 0, 0, 0, 0, 0, 0, 0, 0, 0, 0, 0, 0, 0, 0, 0, 0, 0, 0, 0, 0, 0, 0, 0, 0, 25549), -- 202641
(202638, 7, 9375, 'Rocking Chair', '', '', '', 1, 1, 1, 0, 0, 0, 0, 0, 0, 0, 0, 0, 0, 0, 0, 0, 0, 0, 0, 0, 0, 0, 0, 0, 0, 0, 0, 0, 0, 0, 0, 0, 0, 0, 0, 25549), -- 202638
(196864, 1, 9063, '', '', '', '', 0.35, 0, 0, 5000, 0, 0, 0, 0, 0, 0, 0, 0, 0, 0, 0, 0, 0, 0, 0, 0, 0, 0, 0, 0, 0, 0, 0, 0, 0, 0, 0, 0, 0, 0, 0, 25549), -- 196864
(196863, 1, 9063, '', '', '', '', 0.32, 0, 0, 5000, 0, 0, 0, 0, 0, 0, 0, 0, 0, 0, 0, 0, 0, 0, 0, 0, 0, 0, 0, 0, 0, 0, 0, 0, 0, 0, 0, 0, 0, 0, 0, 25549), -- 196863
(196473, 3, 255, 'Linen-Wrapped Book', '', 'Retrieving', '', 1, 1691, 0, 1, 0, 1, 1, 0, 0, 0, 0, 0, 0, 0, 1, 23645, 0, 0, 0, 0, 0, 0, 0, 0, 0, 0, 0, 0, 0, 0, 0, 27592, 1, 0, 0, 25549); -- 196473

DELETE FROM `gameobject_questitem` WHERE (`GameObjectEntry`=195306 AND `Idx`=0) OR (`GameObjectEntry`=196403 AND `Idx`=0) OR (`GameObjectEntry`=196472 AND `Idx`=0);
INSERT INTO `gameobject_questitem` (`GameObjectEntry`, `Idx`, `ItemId`, `VerifiedBuild`) VALUES
(195306, 0, 46896, 25549), -- 195306
(196403, 0, 49202, 25549), -- 196403
(196472, 0, 49279, 25549); -- 196472

DELETE FROM `gameobject_questitem` WHERE (`GameObjectEntry`=208831 AND `Idx`=0) OR (`GameObjectEntry`=196473 AND `Idx`=0) OR (`GameObjectEntry`=201607 AND `Idx`=0) OR (`GameObjectEntry`=196808 AND `Idx`=0) OR (`GameObjectEntry`=201594 AND `Idx`=0) OR (`GameObjectEntry`=201914 AND `Idx`=0) OR (`GameObjectEntry`=196810 AND `Idx`=0) OR (`GameObjectEntry`=196809 AND `Idx`=0) OR (`GameObjectEntry`=201871 AND `Idx`=0) OR (`GameObjectEntry`=201939 AND `Idx`=0);
INSERT INTO `gameobject_questitem` (`GameObjectEntry`, `Idx`, `ItemId`, `VerifiedBuild`) VALUES
(208831, 0, 69910, 25549), -- 208831
(196473, 0, 49280, 25549), -- 196473
(201607, 0, 49760, 25549), -- 201607
(196808, 0, 49339, 25549), -- 196808
(201594, 0, 49742, 25549), -- 201594
(201914, 0, 50017, 25549), -- 201914
(196810, 0, 49337, 25549), -- 196810
(196809, 0, 49338, 25549), -- 196809
(201871, 0, 49921, 25549), -- 201871
(201939, 0, 50086, 25549); -- 201939

DELETE FROM `gameobject` WHERE `guid` BETWEEN @OGUID+0 AND @OGUID+106;
INSERT INTO `gameobject` (`guid`, `id`, `map`, `zoneId`, `areaId`, `spawnMask`, `PhaseId`, `PhaseGroup`, `position_x`, `position_y`, `position_z`, `orientation`, `rotation0`, `rotation1`, `rotation2`, `rotation3`, `spawntimesecs`, `animprogress`, `state`, `VerifiedBuild`) VALUES
(@OGUID+0, 195327, 654, 4755, 4756, 3, '', 0, -1421.076, 1412.984, 36.79442, 1.53589, 0, 0, 0.6946583, 0.7193398, 7200, 255, 1, 25549), -- 195327 (Area: 4756 - Difficulty: 0)
(@OGUID+1, 204986, 654, 4755, 4756, 3, '', 0, -1586.271, 1613.42, 20.3519, 1.416609, 0, 0, 0.650547, 0.7594659, 7200, 255, 1, 25549), -- 204986 (Area: 4756 - Difficulty: 0)
(@OGUID+2, 195327, 654, 4755, 4756, 3, '', 0, -1537.47, 1443.967, 36.70511, 4.71239, 0, 0, -0.7071066, 0.7071069, 7200, 255, 1, 25549), -- 195327 (Area: 4756 - Difficulty: 0)
(@OGUID+3, 195327, 654, 4755, 4756, 3, '', 0, -1513.217, 1371.139, 36.53497, 6.213374, 0, 0, -0.03489876, 0.9993908, 7200, 255, 1, 25549), -- 195327 (Area: 4756 - Difficulty: 0)
(@OGUID+4, 195327, 654, 4755, 4756, 3, '', 0, -1486.285, 1334.576, 36.48906, 1.832595, 0, 0, 0.7933531, 0.6087617, 7200, 255, 1, 25549), -- 195327 (Area: 4756 - Difficulty: 0)
(@OGUID+5, 195327, 654, 4755, 4756, 3, '', 0, -1426.658, 1436.557, 36.39017, 3.071766, 0, 0, 0.9993906, 0.03490613, 7200, 255, 1, 25549), -- 195327 (Area: 4756 - Difficulty: 0)
(@OGUID+6, 196404, 654, 4755, 4756, 3, '', 0, -1880.474, 2545.83, 3.087044, 3.822272, 0.01975298, 0.006994247, -0.9424343, 0.3337342, 7200, 255, 0, 25549), -- 196404 (Area: 4756 - Difficulty: 0)
(@OGUID+7, 196401, 654, 4755, 4756, 3, '', 0, -1681.84, 2507.57, 97.7786, 3.938617, 0, 0, -0.9216394, 0.3880474, 7200, 255, 1, 25549), -- 196401 (Area: 4756 - Difficulty: 0)
(@OGUID+8, 196400, 654, 4755, 4756, 3, '', 0, -1542.021, 1978.71, 5.616106, 3.708827, 0, 0, -0.9600496, 0.2798298, 7200, 255, 1, 25549), -- 196400 (Area: 4756 - Difficulty: 0)
(@OGUID+9, 196412, 654, 4755, 4756, 3, '', 0, -1872.92, 2073.58, 89.1548, 1.547509, 0, 0, 0.6988258, 0.7152919, 7200, 255, 1, 25549), -- 196412 (Area: 4756 - Difficulty: 0)
(@OGUID+10, 195327, 654, 4755, 4756, 3, '', 0, -1463.903, 1444.259, 36.59575, 4.71239, 0, 0, -0.7071066, 0.7071069, 7200, 255, 1, 25549), -- 195327 (Area: 4756 - Difficulty: 0)
(@OGUID+11, 202591, 654, 4755, 4756, 3, '', 0, -1496.141, 1409.729, 35.5236, 6.274461, 0, 0, -0.004362106, 0.9999905, 7200, 255, 1, 25549), -- 202591 (Area: 4756 - Difficulty: 0)
(@OGUID+12, 206693, 654, 4755, 4756, 3, '', 0, -1880.474, 2545.83, 3.087044, 3.822272, 0.01975298, 0.006994247, -0.9424343, 0.3337342, 7200, 255, 1, 25549), -- 206693 (Area: 4756 - Difficulty: 0)
(@OGUID+13, 195327, 654, 4755, 4756, 3, '', 0, -1493.828, 1371.16, 36.55773, 3.089183, 0, 0, 0.9996567, 0.02620165, 7200, 255, 1, 25549), -- 195327 (Area: 4756 - Difficulty: 0)
(@OGUID+14, 196399, 654, 4755, 4756, 3, '', 0, -1817.84, 2333.37, 36.3445, 3.798994, 0, 0, -0.9464626, 0.3228134, 7200, 255, 1, 25549), -- 196399 (Area: 4756 - Difficulty: 0)
(@OGUID+15, 207417, 654, 4755, 4756, 3, '', 0, -1405.87, 1442.179, 35.55592, 0, 0, 0, 0, 1, 7200, 255, 1, 25549), -- 207417 (Area: 4756 - Difficulty: 0)
(@OGUID+16, 195430, 654, 4755, 4756, 3, '', 0, -1790.04, 1435.53, 21.7363, 1.668168, -0.01063776, 0.01383495, 0.7405329, 0.6717935, 7200, 255, 0, 25549), -- 195430 (Area: 4756 - Difficulty: 0)
(@OGUID+17, 195327, 654, 4755, 4756, 3, '', 0, -1394.589, 1403.332, 36.42323, 3.124123, 0, 0, 0.9999619, 0.008734641, 7200, 255, 1, 25549), -- 195327 (Area: 4756 - Difficulty: 0)
(@OGUID+18, 207093, 654, 4755, 4756, 3, '', 0, -1651.25, 1607.085, 23.26756, 2.404515, 0, 0, 0.9328547, 0.360253, 7200, 255, 1, 25549), -- 207093 (Area: 4756 - Difficulty: 0)
(@OGUID+19, 207330, 654, 4755, 4756, 3, '', 0, -1672.759, 1579.179, 20.2763, 4.022988, 0, 0, -0.9044542, 0.4265707, 7200, 255, 1, 25549), -- 207330 (Area: 4756 - Difficulty: 0)
(@OGUID+20, 202695, 654, 4755, 4756, 3, '', 0, -1587.657, 1543.983, 29.20138, 2.347464, 0, 0, 0.9222002, 0.3867128, 7200, 255, 1, 25549), -- 202695 (Area: 4756 - Difficulty: 0)
(@OGUID+21, 202694, 654, 4755, 4756, 3, '', 0, -1583.412, 1546.471, 29.20138, 1.911136, 0, 0, 0.8166418, 0.5771448, 7200, 255, 1, 25549), -- 202694 (Area: 4756 - Difficulty: 0)
(@OGUID+22, 202696, 654, 4755, 4756, 3, '', 0, -1588.717, 1539.919, 29.20138, 3.045582, 0, 0, 0.998848, 0.04798714, 7200, 255, 1, 25549), -- 202696 (Area: 4756 - Difficulty: 0)
(@OGUID+23, 195306, 654, 4755, 4756, 3, '170', 0, -1462.403, 1379.306, 36.00388, 0, 0, 0, 0, 1, 7200, 255, 1, 25549), -- 195306 (Area: 4756 - Difficulty: 0)
(@OGUID+24, 195306, 654, 4755, 4756, 3, '170', 0, -1477.248, 1406.766, 35.55591, 3.176533, 0, 0, -0.9998474, 0.01746928, 7200, 255, 1, 25549), -- 195306 (Area: 4756 - Difficulty: 0)
(@OGUID+25, 195306, 654, 4755, 4756, 3, '170', 0, -1482.493, 1440.37, 35.97626, 3.176533, 0, 0, -0.9998474, 0.01746928, 7200, 255, 1, 25549), -- 195306 (Area: 4756 - Difficulty: 0)
(@OGUID+26, 195306, 654, 4755, 4756, 3, '170', 0, -1457.304, 1409.057, 35.55591, 4.590216, 0, 0, -0.7489557, 0.6626201, 7200, 255, 1, 25549), -- 195306 (Area: 4756 - Difficulty: 0)
(@OGUID+27, 202191, 654, 4755, 4756, 3, '170', 0, -1586.271, 1613.42, 20.3519, 1.416612, 0, 0, 0.650548, 0.7594652, 7200, 255, 1, 25549), -- 202191 (Area: 4756 - Difficulty: 0)
(@OGUID+28, 195306, 654, 4755, 4756, 3, '170', 0, -1478.734, 1380.339, 36.00387, 3.176533, 0, 0, -0.9998474, 0.01746928, 7200, 255, 1, 25549), -- 195306 (Area: 4756 - Difficulty: 0)
(@OGUID+29, 195621, 654, 4755, 4756, 3, '170', 0, -1790.03, 1435.53, 21.7358, 1.668168, -0.01063776, 0.01383495, 0.7405329, 0.6717935, 7200, 255, 1, 25549), -- 195621 (Area: 4756 - Difficulty: 0)
(@OGUID+30, 195306, 654, 4755, 4756, 3, '170', 0, -1493.899, 1362.938, 35.99874, 0, 0, 0, 0, 1, 7200, 255, 1, 25549), -- 195306 (Area: 4756 - Difficulty: 0)
(@OGUID+31, 195306, 654, 4755, 4756, 3, '170', 0, -1523.359, 1413.342, 35.55592, 4.590216, 0, 0, -0.7489557, 0.6626201, 7200, 255, 1, 25549), -- 195306 (Area: 4756 - Difficulty: 0)
(@OGUID+32, 195306, 654, 4755, 4756, 3, '170', 0, -1524.045, 1442.071, 35.99386, 0, 0, 0, 0, 1, 7200, 255, 1, 25549), -- 195306 (Area: 4756 - Difficulty: 0)
(@OGUID+33, 195306, 654, 4755, 4756, 3, '170', 0, -1466.045, 1362.194, 36.00388, 3.176533, 0, 0, -0.9998474, 0.01746928, 7200, 255, 1, 25549), -- 195306 (Area: 4756 - Difficulty: 0)
(@OGUID+34, 195306, 654, 4755, 4756, 3, '170', 0, -1510.307, 1328.089, 35.80275, 5.009095, 0, 0, -0.5948229, 0.8038568, 7200, 255, 1, 25549), -- 195306 (Area: 4756 - Difficulty: 0)
(@OGUID+35, 195306, 654, 4755, 4756, 3, '170', 0, -1541.222, 1381.214, 36.00387, 3.176533, 0, 0, -0.9998474, 0.01746928, 7200, 255, 1, 25549), -- 195306 (Area: 4756 - Difficulty: 0)
(@OGUID+36, 195327, 654, 4755, 4756, 3, '170', 0, -1562.477, 1409.71, 36.53197, 6.265733, 0, 0, -0.00872612, 0.9999619, 7200, 255, 1, 25549), -- 195327 (Area: 4756 - Difficulty: 0)
(@OGUID+37, 195306, 654, 4755, 4756, 3, '170', 0, -1561.401, 1432.832, 35.96232, 0, 0, 0, 0, 1, 7200, 255, 1, 25549), -- 195306 (Area: 4756 - Difficulty: 0)
(@OGUID+38, 195327, 654, 4755, 4756, 3, '170', 0, -1529.502, 1322.795, 36.5849, 1.832595, 0, 0, 0.7933531, 0.6087617, 7200, 255, 1, 25549), -- 195327 (Area: 4756 - Difficulty: 0)
(@OGUID+39, 195306, 654, 4755, 4756, 3, '170', 0, -1518.132, 1408.392, 35.55592, 3.176533, 0, 0, -0.9998474, 0.01746928, 7200, 255, 1, 25549), -- 195306 (Area: 4756 - Difficulty: 0)
(@OGUID+40, 195306, 654, 4755, 4756, 3, '170', 0, -1478.734, 1380.339, 36.00387, 3.176533, 0, 0, -0.9998474, 0.01746928, 7200, 255, 1, 25549), -- 195306 (Area: 4756 - Difficulty: 0)
(@OGUID+41, 195306, 654, 4755, 4756, 3, '170', 0, -1518.132, 1408.392, 35.55592, 3.176533, 0, 0, -0.9998474, 0.01746928, 7200, 255, 1, 25549), -- 195306 (Area: 4756 - Difficulty: 0)
(@OGUID+42, 195306, 654, 4755, 4756, 3, '170', 0, -1440.887, 1440.72, 35.97989, 0, 0, 0, 0, 1, 7200, 255, 1, 25549), -- 195306 (Area: 4756 - Difficulty: 0)
(@OGUID+43, 195306, 654, 4755, 4756, 3, '170', 0, -1574.023, 1401.144, 36.63025, 3.176533, 0, 0, -0.9998474, 0.01746928, 7200, 255, 1, 25549), -- 195306 (Area: 4756 - Difficulty: 0)
(@OGUID+44, 195327, 654, 4755, 4756, 3, '170', 0, -1569.804, 1384.913, 36.99949, 1.466076, 0, 0, 0.6691303, 0.743145, 7200, 255, 1, 25549), -- 195327 (Area: 4756 - Difficulty: 0)
(@OGUID+45, 195306, 654, 4755, 4756, 3, '170', 0, -1429.873, 1399.259, 36.00387, 4.590216, 0, 0, -0.7489557, 0.6626201, 7200, 255, 1, 25549), -- 195306 (Area: 4756 - Difficulty: 0)
(@OGUID+46, 195306, 654, 4755, 4756, 3, '170', 0, -1482.493, 1440.37, 35.97626, 3.176533, 0, 0, -0.9998474, 0.01746928, 7200, 255, 1, 25549), -- 195306 (Area: 4756 - Difficulty: 0)
(@OGUID+47, 195306, 654, 4755, 4756, 3, '170', 0, -1457.304, 1409.057, 35.55591, 4.590216, 0, 0, -0.7489557, 0.6626201, 7200, 255, 1, 25549), -- 195306 (Area: 4756 - Difficulty: 0)
(@OGUID+48, 195306, 654, 4755, 4756, 3, '170', 0, -1482.493, 1440.37, 35.97626, 3.176533, 0, 0, -0.9998474, 0.01746928, 7200, 255, 1, 25549), -- 195306 (Area: 4756 - Difficulty: 0)
(@OGUID+49, 195327, 654, 4755, 4756, 3, '170', 0, -1583.431, 1359.09, 36.53497, 1.53589, 0, 0, 0.6946583, 0.7193398, 7200, 255, 1, 25549), -- 195327 (Area: 4756 - Difficulty: 0)
(@OGUID+50, 195306, 654, 4755, 4756, 3, '170', 0, -1548.738, 1305.165, 35.8792, 3.281239, 0, 0, -0.9975634, 0.06976615, 7200, 255, 1, 25549), -- 195306 (Area: 4756 - Difficulty: 0)
(@OGUID+51, 195327, 654, 4755, 4756, 3, '170', 0, -1576.568, 1335.938, 36.53497, 6.265733, 0, 0, -0.00872612, 0.9999619, 7200, 255, 1, 25549), -- 195327 (Area: 4756 - Difficulty: 0)
(@OGUID+52, 195327, 654, 4755, 4756, 3, '170', 0, -1549.554, 1309.613, 36.4266, 3.38594, 0, 0, -0.9925461, 0.12187, 7200, 255, 1, 25549), -- 195327 (Area: 4756 - Difficulty: 0)
(@OGUID+53, 207417, 654, 4755, 4756, 3, '170', 0, -1615.212, 1310.425, 18.9967, 0, 0, 0, 0, 1, 7200, 255, 1, 25549), -- 207417 (Area: 4756 - Difficulty: 0)
(@OGUID+54, 207417, 654, 4755, 4757, 3, '170', 0, -1615.212, 1310.425, 18.9967, 0, 0, 0, 0, 1, 7200, 255, 1, 25549), -- 207417 (Area: 4757 - Difficulty: 0)
(@OGUID+55, 195465, 654, 4755, 4757, 3, '171', 0, -1794.13, 1402.51, 20.1318, 2.155482, -0.03809595, -0.02527809, 0.8803816, 0.4720572, 7200, 255, 1, 25549), -- 195465 (Area: 4757 - Difficulty: 0)
(@OGUID+56, 195466, 654, 4755, 4757, 3, '171', 0, -1805.29, 1399.5, 20.261, 1.265364, 0.06552887, 0.01846695, 0.5911665, 0.8036711, 7200, 255, 1, 25549), -- 195466 (Area: 4757 - Difficulty: 0)
(@OGUID+57, 195453, 654, 4755, 4757, 3, '171', 0, -1769.5, 1405.62, 20.0667, 5.896716, -0.02017355, 0.06879044, -0.1894732, 0.9792655, 7200, 255, 1, 25549), -- 195453 (Area: 4757 - Difficulty: 0)
(@OGUID+58, 195454, 654, 4755, 4757, 3, '171', 0, -1764.931, 1415.87, 20.1221, 1.40499, 0, 0, 0.6461239, 0.7632326, 7200, 255, 1, 25549), -- 195454 (Area: 4757 - Difficulty: 0)
(@OGUID+59, 207417, 654, 4755, 4757, 3, '171', 0, -1797.111, 1550.611, 22.73234, 0.7504908, 0, 0, 0.3665009, 0.9304177, 7200, 255, 1, 25549), -- 207417 (Area: 4757 - Difficulty: 0)
(@OGUID+60, 207417, 654, 4755, 4757, 3, '172', 0, -1799.163, 1547.597, 22.73689, 0.7504908, 0, 0, 0.3665009, 0.9304177, 7200, 255, 1, 25549), -- 207417 (Area: 4757 - Difficulty: 0)
-- (@OGUID+61, 204423, 654, 4755, 4758, 3, '172', 0, 0, 0, 0, 2.318064, 0, 0, 0.9164162, 0.4002267, 7200, 255, 1, 25549), -- 0 (Area: 4758 - Difficulty: 0) - !!! transport !!!
(@OGUID+62, 196879, 654, 4714, 4786, 3, '181', 0, -1869.108, 2229.788, 42.32328, 1.727875, 0, 0, 0.7604055, 0.6494485, 7200, 255, 1, 25549), -- 196879 (Area: 4786 - Difficulty: 0)
(@OGUID+63, 196854, 654, 4714, 4786, 3, '181', 0, -1874.561, 2312.8, 42.2812, 3.228859, 0, 0, -0.9990482, 0.04361926, 7200, 255, 1, 25549), -- 196854 (Area: 4786 - Difficulty: 0)
(@OGUID+64, 207417, 654, 4714, 4786, 3, '181', 0, -1835.238, 2287.925, 42.32327, 0, 0, 0, 0, 1, 7200, 255, 1, 25549), -- 207417 (Area: 4786 - Difficulty: 0)
(@OGUID+65, 196846, 654, 4714, 4786, 3, '181', 0, -1902.33, 2275.399, 42.165, 0.7679439, 0, 0, 0.3746061, 0.927184, 7200, 255, 1, 25549), -- 196846 (Area: 4786 - Difficulty: 0)
(@OGUID+66, 196880, 654, 4714, 4786, 3, '181', 0, -1865.891, 2232.71, 42.3229, 5.375618, 0, 0, -0.4383698, 0.8987947, 7200, 255, 1, 25549), -- 196880 (Area: 4786 - Difficulty: 0)
(@OGUID+67, 195579, 654, 4714, 4786, 3, '181', 0, -1432.54, 1682.674, 20.48554, 3.894986, 0, 0, -0.9298849, 0.3678506, 7200, 255, 1, 25549), -- 195579 (Area: 4786 - Difficulty: 0)
(@OGUID+68, 195581, 654, 4714, 4786, 3, '181', 0, -1403.05, 1450.021, 35.9464, 4.70656, 0, 0, -0.7091646, 0.705043, 7200, 255, 1, 25549), -- 195581 (Area: 4786 - Difficulty: 0)
(@OGUID+69, 195580, 654, 4714, 4786, 3, '181', 0, -1765.74, 1682.84, 21.8777, 5.579221, 0, 0, -0.344759, 0.9386913, 7200, 255, 1, 25549), -- 195580 (Area: 4786 - Difficulty: 0)
(@OGUID+70, 207417, 654, 4714, 4786, 3, '181', 0, -1835.238, 2287.925, 42.32327, 0, 0, 0, 0, 1, 7200, 255, 1, 25549), -- 207417 (Area: 4786 - Difficulty: 0)
(@OGUID+71, 207417, 654, 4714, 4786, 3, '181', 0, -1968.125, 2324.943, 31.5191, 0, 0, 0, 0, 1, 7200, 255, 1, 25549), -- 207417 (Area: 4786 - Difficulty: 0)
(@OGUID+72, 196849, 654, 4714, 4786, 3, '181', 0, -1943.729, 2398.811, 30.0146, 5.28609, 0, 0, -0.4781504, 0.878278, 7200, 255, 1, 25549), -- 196849 (Area: 4786 - Difficulty: 0)
(@OGUID+73, 207417, 654, 4714, 4786, 3, '181', 0, -1921.498, 2403.273, 29.7765, 0, 0, 0, 0, 1, 7200, 255, 1, 25549), -- 207417 (Area: 4786 - Difficulty: 0)
(@OGUID+74, 197337, 654, 4714, 4786, 3, '181', 0, -1928.424, 2411.127, 30.15431, 4.852017, 0, 0, -0.6560583, 0.7547102, 7200, 255, 1, 25549), -- 197337 (Area: 4786 - Difficulty: 0)
(@OGUID+75, 196394, 654, 4714, 4786, 3, '181', 0, -1926.274, 2408.623, 30.02344, 5.445428, 0, 0, -0.4067364, 0.9135455, 7200, 255, 1, 25549), -- 196394 (Area: 4786 - Difficulty: 0)
(@OGUID+76, 207417, 654, 4714, 0, 3, '181', 0, -1921.498, 2403.273, 29.7765, 0, 0, 0, 0, 1, 7200, 255, 1, 25549), -- 207417 (Area: 0 - Difficulty: 0)
(@OGUID+77, 207417, 654, 4714, 0, 3, '181', 0, -1835.238, 2287.925, 42.32327, 0, 0, 0, 0, 1, 7200, 255, 1, 25549), -- 207417 (Area: 0 - Difficulty: 0)
(@OGUID+78, 196403, 654, 4714, 4786, 3, '182', 0, -1931.984, 2245.92, 35.81176, 0, 0, 0, 0, 1, 7200, 255, 1, 25549), -- 196403 (Area: 4786 - Difficulty: 0)
(@OGUID+79, 196403, 654, 4714, 4786, 3, '182', 0, -1941.549, 2252.752, 35.7991, 0, 0, 0, 0, 1, 7200, 255, 1, 25549), -- 196403 (Area: 4786 - Difficulty: 0)
(@OGUID+80, 207417, 654, 4714, 4786, 3, '182', 0, -1847.109, 2323.168, 39.04111, 2.862335, 0, 0, 0.9902678, 0.1391754, 7200, 255, 1, 25549), -- 207417 (Area: 4786 - Difficulty: 0)
(@OGUID+81, 196403, 654, 4714, 4786, 3, '182', 0, -1948.382, 2329.196, 34.09493, 0, 0, 0, 0, 1, 7200, 255, 1, 25549), -- 196403 (Area: 4786 - Difficulty: 0)
(@OGUID+82, 196403, 654, 4714, 4786, 3, '182', 0, -1961.186, 2370.832, 29.09402, 0, 0, 0, 0, 1, 7200, 255, 1, 25549), -- 196403 (Area: 4786 - Difficulty: 0)
(@OGUID+83, 196403, 654, 4714, 4786, 3, '182', 0, -2007.877, 2287.717, 29.4369, 0, 0, 0, 0, 1, 7200, 255, 1, 25549), -- 196403 (Area: 4786 - Difficulty: 0)
(@OGUID+84, 196403, 654, 4714, 4786, 3, '182', 0, -1898.462, 2384.358, 30.1194, 0, 0, 0, 0, 1, 7200, 255, 1, 25549), -- 196403 (Area: 4786 - Difficulty: 0)
(@OGUID+85, 196403, 654, 4714, 4786, 3, '182', 0, -1993.104, 2322.741, 28.36695, 0, 0, 0, 0, 1, 7200, 255, 1, 25549), -- 196403 (Area: 4786 - Difficulty: 0)
(@OGUID+86, 196403, 654, 4714, 4786, 3, '182', 0, -1987.771, 2304.109, 30.58888, 0, 0, 0, 0, 1, 7200, 255, 1, 25549), -- 196403 (Area: 4786 - Difficulty: 0)
(@OGUID+87, 196403, 654, 4714, 4786, 3, '182', 0, -1978.847, 2383.123, 25.10763, 0, 0, 0, 0, 1, 7200, 255, 1, 25549), -- 196403 (Area: 4786 - Difficulty: 0)
(@OGUID+88, 196403, 654, 4714, 4786, 3, '182', 0, -1931.512, 2407.498, 29.97702, 0, 0, 0, 0, 1, 7200, 255, 1, 25549), -- 196403 (Area: 4786 - Difficulty: 0)
(@OGUID+89, 196403, 654, 4714, 0, 3, '182', 0, -1904.024, 2312.951, 39.60701, 0, 0, 0, 0, 1, 7200, 255, 1, 25549), -- 196403 (Area: 0 - Difficulty: 0)
(@OGUID+90, 196403, 654, 4714, 0, 3, '182', 0, -2001.682, 2318.738, 28.05943, 0, 0, 0, 0, 1, 7200, 255, 1, 25549), -- 196403 (Area: 0 - Difficulty: 0)
(@OGUID+91, 196403, 654, 4714, 0, 3, '182', 0, -1942.477, 2404.076, 30.00426, 0, 0, 0, 0, 1, 7200, 255, 1, 25549), -- 196403 (Area: 0 - Difficulty: 0)
(@OGUID+92, 196403, 654, 4714, 0, 3, '182', 0, -1959.009, 2290.488, 36.24551, 0, 0, 0, 0, 1, 7200, 255, 1, 25549), -- 196403 (Area: 0 - Difficulty: 0)
(@OGUID+93, 196403, 654, 4714, 0, 3, '182', 0, -1978.847, 2383.123, 25.10763, 0, 0, 0, 0, 1, 7200, 255, 1, 25549), -- 196403 (Area: 0 - Difficulty: 0)
(@OGUID+94, 196403, 654, 4714, 0, 3, '182', 0, -1948.382, 2329.196, 34.09493, 0, 0, 0, 0, 1, 7200, 255, 1, 25549), -- 196403 (Area: 0 - Difficulty: 0)
(@OGUID+95, 207417, 654, 4714, 4786, 3, '182', 0, -1847.109, 2323.168, 39.04111, 2.862335, 0, 0, 0.9902678, 0.1391754, 7200, 255, 1, 25549), -- 207417 (Area: 4786 - Difficulty: 0)
(@OGUID+96, 196403, 654, 4714, 0, 3, '182', 0, -1931.512, 2407.498, 29.97702, 0, 0, 0, 0, 1, 7200, 255, 1, 25549), -- 196403 (Area: 0 - Difficulty: 0)
(@OGUID+97, 196403, 654, 4714, 0, 3, '182', 0, -1961.186, 2370.832, 29.09402, 0, 0, 0, 0, 1, 7200, 255, 1, 25549), -- 196403 (Area: 0 - Difficulty: 0)
(@OGUID+98, 207417, 654, 4714, 0, 3, '182', 0, -1842.464, 2490.663, 1.391924, 0, 0, 0, 0, 1, 7200, 255, 1, 25549), -- 207417 (Area: 0 - Difficulty: 0)
(@OGUID+99, 1731, 654, 4714, 4793, 3, '182', 0, -2017.434, 2500.78, 4.990906, 0, 0, 0, 0, 1, 7200, 255, 1, 25549), -- 1731 (Area: 4793 - Difficulty: 0)
(@OGUID+100, 1618, 654, 4714, 4793, 3, '182', 0, -1979.599, 2657.547, -1.314808, 0, 0, 0, 0, 1, 7200, 255, 1, 25549), -- 1618 (Area: 4793 - Difficulty: 0)
(@OGUID+101, 1731, 654, 4714, 4793, 3, '182', 0, -2001.896, 2715.066, 1.130764, 0, 0, 0, 0, 1, 7200, 255, 1, 25549), -- 1731 (Area: 4793 - Difficulty: 0)
(@OGUID+102, 1731, 654, 4714, 5720, 3, '182', 0, -2084.882, 2616.471, 1.923259, 0, 0, 0, 0, 1, 7200, 255, 1, 25549), -- 1731 (Area: 5720 - Difficulty: 0)
(@OGUID+103, 1617, 654, 4714, 5720, 3, '182', 0, -1991.533, 2506.86, 1.394539, 0, 0, 0, 0, 1, 7200, 255, 1, 25549), -- 1617 (Area: 5720 - Difficulty: 0)
(@OGUID+104, 1617, 654, 4714, 5720, 3, '182', 0, -2126.193, 2608.219, 0.598592, 0, 0, 0, 0, 1, 7200, 255, 1, 25549), -- 1617 (Area: 5720 - Difficulty: 0)
(@OGUID+105, 1618, 654, 4714, 5720, 3, '182', 0, -2119.092, 2513.18, 4.583001, 0, 0, 0, 0, 1, 7200, 255, 1, 25549), -- 1618 (Area: 5720 - Difficulty: 0)
(@OGUID+106, 196472, 654, 4714, 5720, 3, '182', 0, -2116.141, 2431.925, 13.02409, 3.255058, 0, 0, -0.9983912, 0.05670215, 7200, 255, 1, 25549); -- 196472 (Area: 5720 - Difficulty: 0)

DELETE FROM `gameobject` WHERE `guid` BETWEEN @OGUID+0 AND @OGUID+401;
INSERT INTO `gameobject` (`guid`, `id`, `map`, `zoneId`, `areaId`, `spawnMask`, `PhaseId`, `PhaseGroup`, `position_x`, `position_y`, `position_z`, `orientation`, `rotation0`, `rotation1`, `rotation2`, `rotation3`, `spawntimesecs`, `animprogress`, `state`, `VerifiedBuild`) VALUES
(@OGUID+0, 1618, 654, 4714, 5720, 3, '182', 0, -2119.092, 2513.18, 4.583001, 0, 0, 0, 0, 1, 7200, 255, 1, 25549), -- 1618 (Area: 5720 - Difficulty: 0)
(@OGUID+1, 196472, 654, 4714, 5720, 3, '182', 0, -2116.141, 2431.925, 13.02409, 3.255058, 0, 0, -0.9983912, 0.05670215, 7200, 255, 1, 25549), -- 196472 (Area: 5720 - Difficulty: 0)
(@OGUID+2, 1617, 654, 4714, 5720, 3, '182', 0, -1991.533, 2506.86, 1.394539, 0, 0, 0, 0, 1, 7200, 255, 1, 25549), -- 1617 (Area: 5720 - Difficulty: 0)
(@OGUID+3, 196404, 654, 4714, 5720, 3, '182', 0, -1880.474, 2545.83, 3.087044, 3.822272, 0.01975298, 0.006994247, -0.9424343, 0.3337342, 7200, 255, 0, 25549), -- 196404 (Area: 5720 - Difficulty: 0)
(@OGUID+4, 196401, 654, 4714, 5720, 3, '182', 0, -1681.84, 2507.57, 97.7786, 3.938617, 0, 0, -0.9216394, 0.3880474, 7200, 255, 1, 25549), -- 196401 (Area: 5720 - Difficulty: 0)
-- (@OGUID+5, 204423, 654, 4714, 5720, 3, '182', 0, 0, 0, 0, 2.318064, 0, 0, 0.9164162, 0.4002267, 7200, 255, 1, 25549), -- 0 (Area: 5720 - Difficulty: 0) - !!! transport !!!
(@OGUID+6, 196400, 654, 4714, 5720, 3, '182', 0, -1542.021, 1978.71, 5.616106, 3.708827, 0, 0, -0.9600496, 0.2798298, 7200, 255, 1, 25549), -- 196400 (Area: 5720 - Difficulty: 0)
(@OGUID+7, 196412, 654, 4714, 5720, 3, '182', 0, -1872.92, 2073.58, 89.1548, 1.547509, 0, 0, 0.6988258, 0.7152919, 7200, 255, 1, 25549), -- 196412 (Area: 5720 - Difficulty: 0)
(@OGUID+8, 196399, 654, 4714, 5720, 3, '182', 0, -1817.84, 2333.37, 36.3445, 3.798994, 0, 0, -0.9464626, 0.3228134, 7200, 255, 1, 25549), -- 196399 (Area: 5720 - Difficulty: 0)
(@OGUID+9, 195579, 654, 4714, 5720, 3, '182', 0, -1432.54, 1682.674, 20.48554, 3.894986, 0, 0, -0.9298849, 0.3678506, 7200, 255, 1, 25549), -- 195579 (Area: 5720 - Difficulty: 0)
(@OGUID+10, 195430, 654, 4714, 5720, 3, '182', 0, -1790.04, 1435.53, 21.7363, 1.668168, -0.01063776, 0.01383495, 0.7405329, 0.6717935, 7200, 255, 0, 25549), -- 195430 (Area: 5720 - Difficulty: 0)
(@OGUID+11, 195581, 654, 4714, 5720, 3, '182', 0, -1403.05, 1450.021, 35.9464, 4.70656, 0, 0, -0.7091646, 0.705043, 7200, 255, 1, 25549), -- 195581 (Area: 5720 - Difficulty: 0)
(@OGUID+12, 195580, 654, 4714, 5720, 3, '182', 0, -1765.74, 1682.84, 21.8777, 5.579221, 0, 0, -0.344759, 0.9386913, 7200, 255, 1, 25549), -- 195580 (Area: 5720 - Difficulty: 0)
(@OGUID+13, 1617, 654, 4714, 5720, 3, '182', 0, -2126.193, 2608.219, 0.598592, 0, 0, 0, 0, 1, 7200, 255, 1, 25549), -- 1617 (Area: 5720 - Difficulty: 0)
(@OGUID+14, 1731, 654, 4714, 5720, 3, '182', 0, -2084.882, 2616.471, 1.923259, 0, 0, 0, 0, 1, 7200, 255, 1, 25549), -- 1731 (Area: 5720 - Difficulty: 0)
(@OGUID+15, 1618, 654, 4714, 5720, 3, '182', 0, -1979.599, 2657.547, -1.314808, 0, 0, 0, 0, 1, 7200, 255, 1, 25549), -- 1618 (Area: 5720 - Difficulty: 0)
(@OGUID+16, 207417, 654, 4714, 4792, 3, '182', 0, -1842.464, 2490.663, 1.391924, 0, 0, 0, 0, 1, 7200, 255, 1, 25549), -- 207417 (Area: 4792 - Difficulty: 0)
(@OGUID+17, 1731, 654, 4714, 4793, 3, '182', 0, -2001.896, 2715.066, 1.130764, 0, 0, 0, 0, 1, 7200, 255, 1, 25549), -- 1731 (Area: 4793 - Difficulty: 0)
(@OGUID+18, 196465, 654, 4714, 4792, 3, '183', 0, -1867.76, 2531.98, 1.39192, 0, 0, 0, 0, 1, 7200, 255, 1, 25549), -- 196465 (Area: 4792 - Difficulty: 0)
(@OGUID+19, 197333, 654, 4714, 4792, 3, '183', 0, -1944.477, 2558.96, -12.78011, 0, 0, 0, 0, 1, 7200, 255, 1, 25549), -- 197333 (Area: 4792 - Difficulty: 0)
(@OGUID+20, 196465, 654, 4714, 4792, 3, '183', 0, -1879.61, 2533.91, 1.706, 0, 0, 0, 0, 1, 7200, 255, 1, 25549), -- 196465 (Area: 4792 - Difficulty: 0)
(@OGUID+21, 196466, 654, 4714, 4792, 3, '183', 0, -1870.28, 2530.84, 1.39192, 0, 0, 0, 0, 1, 7200, 255, 1, 25549), -- 196466 (Area: 4792 - Difficulty: 0)
(@OGUID+22, 196465, 654, 4714, 4792, 3, '183', 0, -1875.39, 2532.75, 1.39636, 0, 0, 0, 0, 1, 7200, 255, 1, 25549), -- 196465 (Area: 4792 - Difficulty: 0)
(@OGUID+23, 197333, 654, 4714, 4792, 3, '183', 0, -1965.96, 2496.97, -2.152177, 0, 0, 0, 0, 1, 7200, 255, 1, 25549), -- 197333 (Area: 4792 - Difficulty: 0)
(@OGUID+24, 197333, 654, 4714, 4792, 3, '183', 0, -1931.599, 2542.114, -12.12351, 0, 0, 0, 0, 1, 7200, 255, 1, 25549), -- 197333 (Area: 4792 - Difficulty: 0)
(@OGUID+25, 196465, 654, 4714, 4792, 3, '183', 0, -1867.85, 2540.47, 1.39191, 0, 0, 0, 0, 1, 7200, 255, 1, 25549), -- 196465 (Area: 4792 - Difficulty: 0)
(@OGUID+26, 196465, 654, 4714, 4792, 3, '183', 0, -1872.29, 2536.33, 1.39191, 0, 0, 0, 0, 1, 7200, 255, 1, 25549), -- 196465 (Area: 4792 - Difficulty: 0)
(@OGUID+27, 196465, 654, 4714, 4792, 3, '183', 0, -1877.05, 2530.63, 1.41279, 0.8726639, 0, 0, 0.4226179, 0.9063079, 7200, 255, 1, 25549), -- 196465 (Area: 4792 - Difficulty: 0)
(@OGUID+28, 196465, 654, 4714, 4792, 3, '183', 0, -1861.63, 2528.33, 1.39192, 0, 0, 0, 0, 1, 7200, 255, 1, 25549), -- 196465 (Area: 4792 - Difficulty: 0)
(@OGUID+29, 197333, 654, 4714, 4792, 3, '183', 0, -1918.194, 2560.794, -11.10688, 0, 0, 0, 0, 1, 7200, 255, 1, 25549), -- 197333 (Area: 4792 - Difficulty: 0)
(@OGUID+30, 196466, 654, 4714, 4792, 3, '183', 0, -1866.47, 2536.98, 1.39191, 0, 0, 0, 0, 1, 7200, 255, 1, 25549), -- 196466 (Area: 4792 - Difficulty: 0)
(@OGUID+31, 196465, 654, 4714, 4792, 3, '183', 0, -1864.94, 2532.66, 1.39192, 0, 0, 0, 0, 1, 7200, 255, 1, 25549), -- 196465 (Area: 4792 - Difficulty: 0)
(@OGUID+32, 196465, 654, 4714, 4792, 3, '183', 0, -1864.01, 2527.08, 1.39192, 0, 0, 0, 0, 1, 7200, 255, 1, 25549), -- 196465 (Area: 4792 - Difficulty: 0)
(@OGUID+33, 196465, 654, 4714, 4792, 3, '183', 0, -1875.87, 2527.73, 1.39192, 0, 0, 0, 0, 1, 7200, 255, 1, 25549), -- 196465 (Area: 4792 - Difficulty: 0)
(@OGUID+34, 197333, 654, 4714, 4792, 3, '183', 0, -1916.191, 2607.47, -11.2943, 0, 0, 0, 0, 1, 7200, 255, 1, 25549), -- 197333 (Area: 4792 - Difficulty: 0)
(@OGUID+35, 196465, 654, 4714, 4792, 3, '183', 0, -1880.55, 2540.57, 1.63647, 0, 0, 0, 0, 1, 7200, 255, 1, 25549), -- 196465 (Area: 4792 - Difficulty: 0)
(@OGUID+36, 197333, 654, 4714, 4792, 3, '183', 0, -1931.938, 2562.328, -18.36551, 0, 0, 0, 0, 1, 7200, 255, 1, 25549), -- 197333 (Area: 4792 - Difficulty: 0)
(@OGUID+37, 196465, 654, 4714, 4792, 3, '183', 0, -1862.16, 2533.39, 1.39192, 0, 0, 0, 0, 1, 7200, 255, 1, 25549), -- 196465 (Area: 4792 - Difficulty: 0)
(@OGUID+38, 196465, 654, 4714, 4792, 3, '183', 0, -1874.16, 2534.83, 1.39191, 0, 0, 0, 0, 1, 7200, 255, 1, 25549), -- 196465 (Area: 4792 - Difficulty: 0)
(@OGUID+39, 196466, 654, 4714, 4792, 3, '183', 0, -1873.81, 2531.43, 1.39191, 0, 0, 0, 0, 1, 7200, 255, 1, 25549), -- 196466 (Area: 4792 - Difficulty: 0)
(@OGUID+40, 196465, 654, 4714, 4792, 3, '183', 0, -1867.36, 2532.08, 1.39192, 0, 0, 0, 0, 1, 7200, 255, 1, 25549), -- 196465 (Area: 4792 - Difficulty: 0)
(@OGUID+41, 196465, 654, 4714, 4792, 3, '183', 0, -1856.76, 2530.69, 1.39192, 0, 0, 0, 0, 1, 7200, 255, 1, 25549), -- 196465 (Area: 4792 - Difficulty: 0)
(@OGUID+42, 197333, 654, 4714, 4792, 3, '183', 0, -1945.788, 2534.899, -2.660557, 0, 0, 0, 0, 1, 7200, 255, 1, 25549), -- 197333 (Area: 4792 - Difficulty: 0)
(@OGUID+43, 196465, 654, 4714, 4792, 3, '183', 0, -1860.82, 2536.82, 1.39192, 0, 0, 0, 0, 1, 7200, 255, 1, 25549), -- 196465 (Area: 4792 - Difficulty: 0)
(@OGUID+44, 196465, 654, 4714, 4792, 3, '183', 0, -1870.06, 2534.32, 1.39191, 0, 0, 0, 0, 1, 7200, 255, 1, 25549), -- 196465 (Area: 4792 - Difficulty: 0)
(@OGUID+45, 197333, 654, 4714, 4792, 3, '183', 0, -1940.7, 2538.642, -7.017484, 0, 0, 0, 0, 1, 7200, 255, 1, 25549), -- 197333 (Area: 4792 - Difficulty: 0)
(@OGUID+46, 196465, 654, 4714, 4792, 3, '183', 0, -1876.5, 2539.24, 1.68389, 0, 0, 0, 0, 1, 7200, 255, 1, 25549), -- 196465 (Area: 4792 - Difficulty: 0)
(@OGUID+47, 197333, 654, 4714, 4792, 3, '183', 0, -1905.271, 2587.891, -8.235822, 0, 0, 0, 0, 1, 7200, 255, 1, 25549), -- 197333 (Area: 4792 - Difficulty: 0)
(@OGUID+48, 1617, 654, 4714, 4792, 3, '183', 0, -1899.644, 2491.594, 1.39192, 0, 0, 0, 0, 1, 7200, 255, 1, 25549), -- 1617 (Area: 4792 - Difficulty: 0)
(@OGUID+49, 197333, 654, 4714, 4792, 3, '183', 0, -1919.474, 2575.895, -1.203168, 0, 0, 0, 0, 1, 7200, 255, 1, 25549), -- 197333 (Area: 4792 - Difficulty: 0)
(@OGUID+50, 196465, 654, 4714, 4792, 3, '183', 0, -1869.24, 2537.28, 1.39191, 0, 0, 0, 0, 1, 7200, 255, 1, 25549), -- 196465 (Area: 4792 - Difficulty: 0)
(@OGUID+51, 196465, 654, 4714, 4792, 3, '183', 0, -1867.26, 2546.13, 1.39191, 0, 0, 0, 0, 1, 7200, 255, 1, 25549), -- 196465 (Area: 4792 - Difficulty: 0)
(@OGUID+52, 197333, 654, 4714, 4792, 3, '183', 0, -1983.66, 2514.29, -0.2986297, 0, 0, 0, 0, 1, 7200, 255, 1, 25549), -- 197333 (Area: 4792 - Difficulty: 0)
(@OGUID+53, 197333, 654, 4714, 4792, 3, '183', 0, -1985.55, 2507.92, -2.643317, 0, 0, 0, 0, 1, 7200, 255, 1, 25549), -- 197333 (Area: 4792 - Difficulty: 0)
(@OGUID+54, 197333, 654, 4714, 0, 3, '183', 0, -2018.583, 2529.221, -7.281898, 0, 0, 0, 0, 1, 7200, 255, 1, 25549), -- 197333 (Area: 0 - Difficulty: 0)
(@OGUID+55, 197333, 654, 4714, 0, 3, '183', 0, -1991.205, 2598.466, -21.08466, 0, 0, 0, 0, 1, 7200, 255, 1, 25549), -- 197333 (Area: 0 - Difficulty: 0)
(@OGUID+56, 197333, 654, 4714, 0, 3, '183', 0, -1976.464, 2583.792, -22.28413, 0, 0, 0, 0, 1, 7200, 255, 1, 25549), -- 197333 (Area: 0 - Difficulty: 0)
(@OGUID+57, 197333, 654, 4714, 0, 3, '183', 0, -1960.27, 2611.21, -23.13527, 0, 0, 0, 0, 1, 7200, 255, 1, 25549), -- 197333 (Area: 0 - Difficulty: 0)
(@OGUID+58, 197333, 654, 4714, 0, 3, '183', 0, -1932.943, 2620.315, -14.58088, 0, 0, 0, 0, 1, 7200, 255, 1, 25549), -- 197333 (Area: 0 - Difficulty: 0)
(@OGUID+59, 197333, 654, 4714, 0, 3, '183', 0, -1997.27, 2581.39, -26.05257, 0, 0, 0, 0, 1, 7200, 255, 1, 25549), -- 197333 (Area: 0 - Difficulty: 0)
(@OGUID+60, 197333, 654, 4714, 0, 3, '183', 0, -2026.281, 2550.102, -19.97391, 0, 0, 0, 0, 1, 7200, 255, 1, 25549), -- 197333 (Area: 0 - Difficulty: 0)
(@OGUID+61, 197333, 654, 4714, 0, 3, '183', 0, -1980.5, 2618.48, -24.36697, 0, 0, 0, 0, 1, 7200, 255, 1, 25549), -- 197333 (Area: 0 - Difficulty: 0)
(@OGUID+62, 197333, 654, 4714, 0, 3, '183', 0, -2033.634, 2531.108, -13.68533, 0, 0, 0, 0, 1, 7200, 255, 1, 25549), -- 197333 (Area: 0 - Difficulty: 0)
(@OGUID+63, 197333, 654, 4714, 0, 3, '183', 0, -1991.668, 2612.144, -14.49639, 0, 0, 0, 0, 1, 7200, 255, 1, 25549), -- 197333 (Area: 0 - Difficulty: 0)
(@OGUID+64, 197333, 654, 4714, 0, 3, '183', 0, -2041.491, 2557.11, -25.78121, 0, 0, 0, 0, 1, 7200, 255, 1, 25549), -- 197333 (Area: 0 - Difficulty: 0)
(@OGUID+65, 1731, 654, 4714, 0, 3, '183', 0, -1979.174, 2443.682, 16.75865, 0, 0, 0, 0, 1, 7200, 255, 1, 25549), -- 1731 (Area: 0 - Difficulty: 0)
(@OGUID+66, 197333, 654, 4714, 0, 3, '183', 0, -1940.7, 2538.642, -7.017484, 0, 0, 0, 0, 1, 7200, 255, 1, 25549), -- 197333 (Area: 0 - Difficulty: 0)
(@OGUID+67, 197333, 654, 4714, 0, 3, '183', 0, -1931.599, 2542.114, -12.12351, 0, 0, 0, 0, 1, 7200, 255, 1, 25549), -- 197333 (Area: 0 - Difficulty: 0)
(@OGUID+68, 197333, 654, 4714, 0, 3, '183', 0, -1919.474, 2575.895, -1.203168, 0, 0, 0, 0, 1, 7200, 255, 1, 25549), -- 197333 (Area: 0 - Difficulty: 0)
(@OGUID+69, 197333, 654, 4714, 0, 3, '183', 0, -2038.283, 2587.346, -23.62228, 0, 0, 0, 0, 1, 7200, 255, 1, 25549), -- 197333 (Area: 0 - Difficulty: 0)
(@OGUID+70, 197333, 654, 4714, 0, 3, '183', 0, -1958.7, 2634.24, -12.67867, 0, 0, 0, 0, 1, 7200, 255, 1, 25549), -- 197333 (Area: 0 - Difficulty: 0)
(@OGUID+71, 197333, 654, 4714, 0, 3, '183', 0, -1949.922, 2652.142, -19.47942, 0, 0, 0, 0, 1, 7200, 255, 1, 25549), -- 197333 (Area: 0 - Difficulty: 0)
(@OGUID+72, 197333, 654, 4714, 0, 3, '183', 0, -1941.762, 2636.388, -18.7984, 0, 0, 0, 0, 1, 7200, 255, 1, 25549), -- 197333 (Area: 0 - Difficulty: 0)
(@OGUID+73, 197333, 654, 4714, 0, 3, '183', 0, -1976.635, 2640.549, -11.17811, 0, 0, 0, 0, 1, 7200, 255, 1, 25549), -- 197333 (Area: 0 - Difficulty: 0)
(@OGUID+74, 197333, 654, 4714, 0, 3, '183', 0, -1996.269, 2650.257, -16.23159, 0, 0, 0, 0, 1, 7200, 255, 1, 25549), -- 197333 (Area: 0 - Difficulty: 0)
(@OGUID+75, 197333, 654, 4714, 0, 3, '183', 0, -2015.292, 2632.115, -24.47527, 0, 0, 0, 0, 1, 7200, 255, 1, 25549), -- 197333 (Area: 0 - Difficulty: 0)
(@OGUID+76, 197333, 654, 4714, 0, 3, '183', 0, -2039.12, 2578.366, -12.68698, 0, 0, 0, 0, 1, 7200, 255, 1, 25549), -- 197333 (Area: 0 - Difficulty: 0)
(@OGUID+77, 197333, 654, 4714, 0, 3, '183', 0, -1988.859, 2662.742, -26.69167, 0, 0, 0, 0, 1, 7200, 255, 1, 25549), -- 197333 (Area: 0 - Difficulty: 0)
(@OGUID+78, 197333, 654, 4714, 0, 3, '183', 0, -1913.799, 2651.495, -21.25489, 0, 0, 0, 0, 1, 7200, 255, 1, 25549), -- 197333 (Area: 0 - Difficulty: 0)
(@OGUID+79, 197333, 654, 4714, 0, 3, '183', 0, -1995.196, 2659.671, -27.88388, 0, 0, 0, 0, 1, 7200, 255, 1, 25549), -- 197333 (Area: 0 - Difficulty: 0)
(@OGUID+80, 197333, 654, 4714, 0, 3, '183', 0, -2065.099, 2549.347, -6.30722, 0, 0, 0, 0, 1, 7200, 255, 1, 25549), -- 197333 (Area: 0 - Difficulty: 0)
(@OGUID+81, 197333, 654, 4714, 0, 3, '183', 0, -2011.347, 2664.97, -18.41584, 0, 0, 0, 0, 1, 7200, 255, 1, 25549), -- 197333 (Area: 0 - Difficulty: 0)
(@OGUID+82, 197333, 654, 4714, 0, 3, '183', 0, -2052.368, 2640.331, -6.518032, 0, 0, 0, 0, 1, 7200, 255, 1, 25549), -- 197333 (Area: 0 - Difficulty: 0)
(@OGUID+83, 197333, 654, 4714, 0, 3, '183', 0, -1945.788, 2534.899, -2.660557, 0, 0, 0, 0, 1, 7200, 255, 1, 25549), -- 197333 (Area: 0 - Difficulty: 0)
(@OGUID+84, 197333, 654, 4714, 0, 3, '183', 0, -2067.627, 2518.351, -18.12771, 0, 0, 0, 0, 1, 7200, 255, 1, 25549), -- 197333 (Area: 0 - Difficulty: 0)
(@OGUID+85, 1618, 654, 4714, 0, 3, '183', 0, -2010.75, 2440.448, 16.83332, 0, 0, 0, 0, 1, 7200, 255, 1, 25549), -- 1618 (Area: 0 - Difficulty: 0)
(@OGUID+86, 197333, 654, 4714, 0, 3, '183', 0, -1944.477, 2558.96, -12.78011, 0, 0, 0, 0, 1, 7200, 255, 1, 25549), -- 197333 (Area: 0 - Difficulty: 0)
(@OGUID+87, 196394, 654, 4714, 0, 3, '183', 0, -1926.274, 2408.623, 30.02344, 5.445428, 0, 0, -0.4067364, 0.9135455, 7200, 255, 1, 25549), -- 196394 (Area: 0 - Difficulty: 0)
(@OGUID+88, 197333, 654, 4714, 4792, 3, '183', 0, -1932.943, 2620.315, -14.58088, 0, 0, 0, 0, 1, 7200, 255, 1, 25549), -- 197333 (Area: 4792 - Difficulty: 0)
(@OGUID+89, 1731, 654, 4714, 4792, 3, '183', 0, -1886.226, 2392.432, 26.14085, 0, 0, 0, 0, 1, 7200, 255, 1, 25549), -- 1731 (Area: 4792 - Difficulty: 0)
(@OGUID+90, 1617, 654, 4714, 4792, 3, '183', 0, -1817.781, 2409.938, 5.539093, 0, 0, 0, 0, 1, 7200, 255, 1, 25549), -- 1617 (Area: 4792 - Difficulty: 0)
(@OGUID+91, 1731, 654, 4714, 4792, 3, '183', 0, -1766.557, 2507.198, 1.259712, 0, 0, 0, 0, 1, 7200, 255, 1, 25549), -- 1731 (Area: 4792 - Difficulty: 0)
(@OGUID+92, 207417, 654, 4714, 0, 3, '183', 0, -1782.523, 2381.269, 42.90228, 0, 0, 0, 0, 1, 7200, 255, 1, 25549), -- 207417 (Area: 0 - Difficulty: 0)
(@OGUID+93, 196849, 654, 4714, 0, 3, '183', 0, -1943.729, 2398.811, 30.0146, 5.28609, 0, 0, -0.4781504, 0.878278, 7200, 255, 1, 25549), -- 196849 (Area: 0 - Difficulty: 0)
(@OGUID+94, 196854, 654, 4714, 0, 3, '183', 0, -1874.561, 2312.8, 42.2812, 3.228859, 0, 0, -0.9990482, 0.04361926, 7200, 255, 1, 25549), -- 196854 (Area: 0 - Difficulty: 0)
(@OGUID+95, 1618, 654, 4714, 0, 3, '183', 0, -1950.67, 2360.63, 30.5026, 0, 0, 0, 0, 1, 7200, 255, 1, 25549), -- 1618 (Area: 0 - Difficulty: 0)
(@OGUID+96, 196846, 654, 4714, 0, 3, '183', 0, -1902.33, 2275.399, 42.165, 0.7679439, 0, 0, 0.3746061, 0.927184, 7200, 255, 1, 25549), -- 196846 (Area: 0 - Difficulty: 0)
(@OGUID+97, 196879, 654, 4714, 4786, 3, '183', 0, -1869.108, 2229.788, 42.32328, 1.727875, 0, 0, 0.7604055, 0.6494485, 7200, 255, 1, 25549), -- 196879 (Area: 4786 - Difficulty: 0)
(@OGUID+98, 196880, 654, 4714, 4786, 3, '183', 0, -1865.891, 2232.71, 42.3229, 5.375618, 0, 0, -0.4383698, 0.8987947, 7200, 255, 1, 25549), -- 196880 (Area: 4786 - Difficulty: 0)
(@OGUID+99, 1618, 654, 4714, 4786, 3, '183', 0, -2053.887, 2324.052, 16.33801, 0, 0, 0, 0, 1, 7200, 255, 1, 25549), -- 1618 (Area: 4786 - Difficulty: 0)
(@OGUID+100, 1617, 654, 4714, 4807, 3, '183', 0, -2105.517, 2243.976, 19.62473, 0, 0, 0, 0, 1, 7200, 255, 1, 25549), -- 1617 (Area: 4807 - Difficulty: 0)
(@OGUID+101, 1731, 654, 4714, 4807, 3, '183', 0, -2127.321, 2299.948, 12.88936, 0, 0, 0, 0, 1, 7200, 255, 1, 25549), -- 1731 (Area: 4807 - Difficulty: 0)
(@OGUID+102, 207417, 654, 4714, 4807, 3, '183', 0, -2154.035, 2226.641, 19.11273, 0, 0, 0, 0, 1, 7200, 255, 1, 25549), -- 207417 (Area: 4807 - Difficulty: 0)
(@OGUID+103, 1617, 654, 4714, 4807, 3, '183', 0, -2094.108, 2152.17, 37.26017, 0, 0, 0, 0, 1, 7200, 255, 1, 25549), -- 1617 (Area: 4807 - Difficulty: 0)
(@OGUID+104, 1618, 654, 4714, 4807, 3, '183', 0, -2107.304, 2113.601, 55.92576, 0, 0, 0, 0, 1, 7200, 255, 1, 25549), -- 1618 (Area: 4807 - Difficulty: 0)
(@OGUID+105, 1731, 654, 4714, 4807, 3, '183', 0, -2095.674, 2104.714, 59.60066, 0, 0, 0, 0, 1, 7200, 255, 1, 25549), -- 1731 (Area: 4807 - Difficulty: 0)
(@OGUID+106, 207417, 654, 4714, 4818, 3, '183', 0, -2154.035, 2226.641, 19.11273, 0, 0, 0, 0, 1, 7200, 255, 1, 25549), -- 207417 (Area: 4818 - Difficulty: 0)
(@OGUID+107, 1731, 654, 4714, 4818, 3, '183', 0, -1993.273, 2170.568, 54.65489, 0, 0, 0, 0, 1, 7200, 255, 1, 25549), -- 1731 (Area: 4818 - Difficulty: 0)
(@OGUID+108, 1617, 654, 4714, 4818, 3, '183', 0, -2003.51, 2291.17, 30.0297, 0, 0, 0, 0, 1, 7200, 255, 1, 25549), -- 1617 (Area: 4818 - Difficulty: 0)
(@OGUID+109, 1617, 654, 4714, 4818, 3, '183', 0, -2248.353, 2164.925, 13.83889, 0, 0, 0, 0, 1, 7200, 255, 1, 25549), -- 1617 (Area: 4818 - Difficulty: 0)
(@OGUID+110, 1731, 654, 4714, 4818, 3, '183', 0, -2258.286, 2085.51, 44.42961, 0, 0, 0, 0, 1, 7200, 255, 1, 25549), -- 1731 (Area: 4818 - Difficulty: 0)
(@OGUID+111, 1618, 654, 4714, 4818, 3, '183', 0, -2255.528, 2244.62, 2.919803, 0, 0, 0, 0, 1, 7200, 255, 1, 25549), -- 1618 (Area: 4818 - Difficulty: 0)
(@OGUID+112, 1731, 654, 4714, 4818, 3, '183', 0, -2273.988, 2226.478, 0.422554, 0, 0, 0, 0, 1, 7200, 255, 1, 25549), -- 1731 (Area: 4818 - Difficulty: 0)
(@OGUID+113, 1731, 654, 4714, 4807, 3, '183', 0, -2016.175, 2291.3, 25.28118, 0, 0, 0, 0, 1, 7200, 255, 1, 25549), -- 1731 (Area: 4807 - Difficulty: 0)
(@OGUID+114, 196473, 654, 4714, 0, 3, '183', 0, -2156.559, 2371.467, 10.88052, 1.658062, 0, 0, 0.737277, 0.6755905, 7200, 255, 1, 25549), -- 196473 (Area: 0 - Difficulty: 0)
(@OGUID+115, 1617, 654, 4714, 0, 3, '183', 0, -2146.41, 2420.608, 10.86407, 0, 0, 0, 0, 1, 7200, 255, 1, 25549), -- 1617 (Area: 0 - Difficulty: 0)
(@OGUID+116, 1731, 654, 4714, 0, 3, '183', 0, -2105.195, 2447.087, 5.32519, 0, 0, 0, 0, 1, 7200, 255, 1, 25549), -- 1731 (Area: 0 - Difficulty: 0)
(@OGUID+117, 1618, 654, 4714, 4806, 3, '183', 0, -2220.439, 2369.512, 0.889215, 0, 0, 0, 0, 1, 7200, 255, 1, 25549), -- 1618 (Area: 4806 - Difficulty: 0)
(@OGUID+118, 197333, 654, 4714, 4806, 3, '183', 0, -2114.007, 2505.531, -19.2103, 0, 0, 0, 0, 1, 7200, 255, 1, 25549), -- 197333 (Area: 4806 - Difficulty: 0)
(@OGUID+119, 1731, 654, 4714, 4806, 3, '183', 0, -2229.813, 2408.646, 2.233665, 0, 0, 0, 0, 1, 7200, 255, 1, 25549), -- 1731 (Area: 4806 - Difficulty: 0)
(@OGUID+120, 197333, 654, 4714, 4806, 3, '183', 0, -2126.276, 2509.099, -19.91146, 0, 0, 0, 0, 1, 7200, 255, 1, 25549), -- 197333 (Area: 4806 - Difficulty: 0)
(@OGUID+121, 1731, 654, 4714, 0, 3, '183', 0, -2334.118, 2334.13, 4.08024, 0, 0, 0, 0, 1, 7200, 255, 1, 25549), -- 1731 (Area: 0 - Difficulty: 0)
(@OGUID+122, 196809, 654, 4714, 0, 3, '183', 0, -2347.024, 2304.012, 0.37202, 0, 0, 0, 0, 1, 7200, 255, 1, 25549), -- 196809 (Area: 0 - Difficulty: 0)
(@OGUID+123, 196808, 654, 4714, 0, 3, '183', 0, -2337.033, 2257.335, 0.328134, 0, 0, 0, 0, 1, 7200, 255, 1, 25549), -- 196808 (Area: 0 - Difficulty: 0)
(@OGUID+124, 196810, 654, 4714, 4808, 3, '183', 0, -2361.653, 2261.066, 2.320014, 0.8377575, 0, 0, 0.4067364, 0.9135455, 7200, 255, 1, 25549), -- 196810 (Area: 4808 - Difficulty: 0)
(@OGUID+125, 1617, 654, 4714, 4808, 3, '183', 0, -2362.141, 2282.061, 0.39699, 0, 0, 0, 0, 1, 7200, 255, 1, 25549), -- 1617 (Area: 4808 - Difficulty: 0)
(@OGUID+126, 196808, 654, 4714, 4808, 3, '183', 0, -2337.033, 2257.335, 0.328134, 0, 0, 0, 0, 1, 7200, 255, 1, 25549), -- 196808 (Area: 4808 - Difficulty: 0)
(@OGUID+127, 196810, 654, 4714, 4808, 3, '183', 0, -2361.653, 2261.066, 2.320014, 0.8377575, 0, 0, 0.4067364, 0.9135455, 7200, 255, 1, 25549), -- 196810 (Area: 4808 - Difficulty: 0)
(@OGUID+128, 196809, 654, 4714, 4808, 3, '183', 0, -2347.024, 2304.012, 0.37202, 0, 0, 0, 0, 1, 7200, 255, 1, 25549), -- 196809 (Area: 4808 - Difficulty: 0)
(@OGUID+129, 196809, 654, 4714, 4808, 3, '183', 0, -2347.024, 2304.012, 0.37202, 0, 0, 0, 0, 1, 7200, 255, 1, 25549), -- 196809 (Area: 4808 - Difficulty: 0)
(@OGUID+130, 196810, 654, 4714, 4808, 3, '183', 0, -2361.653, 2261.066, 2.320014, 0.8377575, 0, 0, 0.4067364, 0.9135455, 7200, 255, 1, 25549), -- 196810 (Area: 4808 - Difficulty: 0)
(@OGUID+131, 196808, 654, 4714, 4808, 3, '183', 0, -2337.033, 2257.335, 0.328134, 0, 0, 0, 0, 1, 7200, 255, 1, 25549), -- 196808 (Area: 4808 - Difficulty: 0)
(@OGUID+132, 207417, 654, 4714, 0, 3, '183', 0, -2154.035, 2226.641, 19.11273, 0, 0, 0, 0, 1, 7200, 255, 1, 25549), -- 207417 (Area: 0 - Difficulty: 0)
(@OGUID+133, 196863, 654, 4714, 4786, 3, '184', 0, -1817.83, 2333.37, 36.3441, 3.798994, 0, 0, -0.9464626, 0.3228134, 7200, 255, 1, 25549), -- 196863 (Area: 4786 - Difficulty: 0)
(@OGUID+134, 196864, 654, 4714, 0, 3, '184', 0, -1681.84, 2507.56, 97.8208, 3.938617, 0, 0, -0.9216394, 0.3880474, 7200, 255, 1, 25549), -- 196864 (Area: 0 - Difficulty: 0)
(@OGUID+135, 202641, 654, 4714, 0, 3, '184', 0, -1605.166, 2524.646, 145.6196, 4.193235, 0, 0, -0.864912, 0.5019235, 7200, 255, 1, 25549), -- 202641 (Area: 0 - Difficulty: 0)
(@OGUID+136, 202640, 654, 4714, 0, 3, '184', 0, -1606.653, 2524.873, 145.6227, 4.551026, 0, 0, -0.761795, 0.6478181, 7200, 255, 1, 25549), -- 202640 (Area: 0 - Difficulty: 0)
(@OGUID+137, 202643, 654, 4714, 0, 3, '184', 0, -1622.452, 2557.438, 145.6064, 5.397511, 0, 0, -0.4285049, 0.9035394, 7200, 255, 1, 25549), -- 202643 (Area: 0 - Difficulty: 0)
(@OGUID+138, 202642, 654, 4714, 0, 3, '184', 0, -1615.795, 2540.966, 145.6145, 3.259511, 0, 0, -0.9982624, 0.05892495, 7200, 255, 1, 25549), -- 202642 (Area: 0 - Difficulty: 0)
(@OGUID+139, 202644, 654, 4714, 0, 3, '184', 0, -1618.735, 2560.486, 145.6063, 5.397511, 0, 0, -0.4285049, 0.9035394, 7200, 255, 1, 25549), -- 202644 (Area: 0 - Difficulty: 0)
(@OGUID+140, 202629, 654, 4714, 0, 3, '184', 0, -1641.406, 2581.259, 129.8388, 2.299546, 0, 0, 0.9126711, 0.4086948, 7200, 255, 1, 25549), -- 202629 (Area: 0 - Difficulty: 0)
(@OGUID+141, 202631, 654, 4714, 0, 3, '184', 0, -1644.379, 2579.148, 129.823, 2.500257, 0, 0, 0.9490252, 0.3152003, 7200, 255, 1, 25549), -- 202631 (Area: 0 - Difficulty: 0)
(@OGUID+142, 202630, 654, 4714, 0, 3, '184', 0, -1642.861, 2580.411, 129.7365, 2.029021, 0, 0, 0.8492222, 0.5280357, 7200, 255, 1, 25549), -- 202630 (Area: 0 - Difficulty: 0)
(@OGUID+143, 202633, 654, 4714, 0, 3, '184', 0, -1625.663, 2567.999, 130.268, 2.255914, 0, 0, 0.9035387, 0.4285065, 7200, 255, 1, 25549), -- 202633 (Area: 0 - Difficulty: 0)
(@OGUID+144, 202635, 654, 4714, 0, 3, '184', 0, -1616.412, 2535.197, 145.6263, 3.294399, 0, 0, -0.9970827, 0.07632861, 7200, 255, 1, 25549), -- 202635 (Area: 0 - Difficulty: 0)
(@OGUID+145, 202637, 654, 4714, 0, 3, '184', 0, -1612.856, 2530.165, 145.6282, 3.817991, 0, 0, -0.9433537, 0.3317889, 7200, 255, 1, 25549), -- 202637 (Area: 0 - Difficulty: 0)
(@OGUID+146, 202636, 654, 4714, 0, 3, '184', 0, -1615.548, 2533.462, 145.6282, 3.96634, 0, 0, -0.916172, 0.4007852, 7200, 255, 1, 25549), -- 202636 (Area: 0 - Difficulty: 0)
(@OGUID+147, 202639, 654, 4714, 0, 3, '184', 0, -1610.704, 2527.829, 145.6283, 3.922708, 0, 0, -0.9246969, 0.3807041, 7200, 255, 1, 25549), -- 202639 (Area: 0 - Difficulty: 0)
(@OGUID+148, 202638, 654, 4714, 0, 3, '184', 0, -1611.821, 2528.941, 145.6283, 3.591094, 0, 0, -0.9748497, 0.2228633, 7200, 255, 1, 25549), -- 202638 (Area: 0 - Difficulty: 0)
(@OGUID+149, 202645, 654, 4714, 0, 3, '184', 0, -1582.874, 2519.193, 145.6078, 2.24719, 0, 0, 0.9016609, 0.4324438, 7200, 255, 1, 25549), -- 202645 (Area: 0 - Difficulty: 0)
(@OGUID+150, 202646, 654, 4714, 0, 3, '184', 0, -1586.616, 2516.178, 145.6078, 2.24719, 0, 0, 0.9016609, 0.4324438, 7200, 255, 1, 25549), -- 202646 (Area: 0 - Difficulty: 0)
(@OGUID+151, 202627, 654, 4714, 0, 3, '184', 0, -1633.248, 2587.802, 130.0419, 2.596255, 0, 0, 0.9630556, 0.2693026, 7200, 255, 1, 25549), -- 202627 (Area: 0 - Difficulty: 0)
(@OGUID+152, 202626, 654, 4714, 0, 3, '184', 0, -1631.514, 2589.084, 130.0662, 2.212278, 0, 0, 0.8939753, 0.4481163, 7200, 255, 1, 25549), -- 202626 (Area: 0 - Difficulty: 0)
(@OGUID+153, 202632, 654, 4714, 0, 3, '184', 0, -1623.528, 2575.882, 130.2797, 3.303122, 0, 0, -0.9967403, 0.08067656, 7200, 255, 1, 25549), -- 202632 (Area: 0 - Difficulty: 0)
(@OGUID+154, 202628, 654, 4714, 0, 3, '184', 0, -1626.719, 2593.839, 130.0984, 2.081382, 0, 0, 0.8627539, 0.5056241, 7200, 255, 1, 25549), -- 202628 (Area: 0 - Difficulty: 0)
(@OGUID+155, 202634, 654, 4714, 0, 3, '184', 0, -1607.949, 2593.411, 130.2825, 2.290823, 0, 0, 0.9108801, 0.4126711, 7200, 255, 1, 25549), -- 202634 (Area: 0 - Difficulty: 0)
(@OGUID+156, 204986, 654, 4714, 0, 3, '', 0, -1586.271, 1613.42, 20.3519, 1.416609, 0, 0, 0.650547, 0.7594659, 7200, 255, 1, 25549), -- 204986 (Area: 0 - Difficulty: 0)
(@OGUID+157, 206693, 654, 4714, 0, 3, '', 0, -1880.474, 2545.83, 3.087044, 3.822272, 0.01975298, 0.006994247, -0.9424343, 0.3337342, 7200, 255, 1, 25549), -- 206693 (Area: 0 - Difficulty: 0)
(@OGUID+158, 202624, 654, 4714, 0, 3, '183', 0, -1559.361, 2551.893, 130.2213, 3.826716, 0, 0, -0.9418974, 0.3359008, 7200, 255, 1, 25549), -- 202624 (Area: 0 - Difficulty: 0)
(@OGUID+159, 202625, 654, 4714, 0, 3, '183', 0, -1557.023, 2551.584, 130.2193, 2.229733, 0, 0, 0.8978519, 0.4402975, 7200, 255, 1, 25549), -- 202625 (Area: 0 - Difficulty: 0)
(@OGUID+160, 197338, 654, 4714, 6545, 3, '183', 0, -1513.405, 2606.644, 203.4952, 0.1834465, 0, 0, 0.0915947, 0.9957964, 7200, 255, 1, 25549), -- 197338 (Area: 6545 - Difficulty: 0)
(@OGUID+161, 1731, 654, 4714, 0, 3, '186', 0, -2251.017, 1725.83, -33.70129, 0, 0, 0, 0, 1, 7200, 255, 1, 25549), -- 1731 (Area: 0 - Difficulty: 0)
(@OGUID+162, 1617, 654, 4714, 0, 3, '186', 0, -2163.606, 1756.786, 11.31459, 0, 0, 0, 0, 1, 7200, 255, 1, 25549), -- 1617 (Area: 0 - Difficulty: 0)
(@OGUID+163, 1731, 654, 4714, 0, 3, '186', 0, -2151.066, 1736.696, 8.768873, 0, 0, 0, 0, 1, 7200, 255, 1, 25549), -- 1731 (Area: 0 - Difficulty: 0)
(@OGUID+164, 1731, 654, 4714, 0, 3, '186', 0, -2278.984, 1880.781, 55.4572, 0, 0, 0, 0, 1, 7200, 255, 1, 25549), -- 1731 (Area: 0 - Difficulty: 0)
(@OGUID+165, 201891, 654, 4714, 4787, 3, '186', 0, -2192.868, 1808.405, 12.55306, 6.227753, 0, 0, -0.02771282, 0.9996159, 7200, 255, 1, 25549), -- 201891 (Area: 4787 - Difficulty: 0)
(@OGUID+166, 1618, 654, 4714, 0, 3, '186', 0, -2026.326, 1746.934, 7.424481, 0, 0, 0, 0, 1, 7200, 255, 1, 25549), -- 1618 (Area: 0 - Difficulty: 0)
(@OGUID+167, 1731, 654, 4714, 0, 3, '186', 0, -2026.918, 1877.606, 5.875855, 0, 0, 0, 0, 1, 7200, 255, 1, 25549), -- 1731 (Area: 0 - Difficulty: 0)
(@OGUID+168, 1617, 654, 4714, 0, 3, '186', 0, -1942.672, 1841.51, 9.263322, 0, 0, 0, 0, 1, 7200, 255, 1, 25549), -- 1617 (Area: 0 - Difficulty: 0)
(@OGUID+169, 201914, 654, 4714, 0, 3, '186', 0, -2209.007, 1693.345, -41.20987, 0, 0, 0, 0, 1, 7200, 255, 1, 25549), -- 201914 (Area: 0 - Difficulty: 0)
(@OGUID+170, 201891, 654, 4714, 4787, 3, '186', 0, -2192.868, 1808.405, 12.55306, 6.227753, 0, 0, -0.02771282, 0.9996159, 7200, 255, 1, 25549), -- 201891 (Area: 4787 - Difficulty: 0)
(@OGUID+171, 1617, 654, 4714, 4787, 3, '186', 0, -2332.21, 1845.365, 38.38747, 0, 0, 0, 0, 1, 7200, 255, 1, 25549), -- 1617 (Area: 4787 - Difficulty: 0)
(@OGUID+172, 201594, 654, 4714, 4794, 3, '186', 0, -2278.399, 1969.408, 98.08788, 3.47321, 0, 0, -0.9862852, 0.1650499, 7200, 255, 1, 25549), -- 201594 (Area: 4794 - Difficulty: 0)
(@OGUID+173, 1731, 654, 4714, 4794, 3, '186', 0, -2291.679, 1976.25, 94.48134, 0, 0, 0, 0, 1, 7200, 255, 1, 25549), -- 1731 (Area: 4794 - Difficulty: 0)
(@OGUID+174, 1618, 654, 4714, 4794, 3, '186', 0, -2359.368, 1978.58, 72.87733, 0, 0, 0, 0, 1, 7200, 255, 1, 25549), -- 1618 (Area: 4794 - Difficulty: 0)
(@OGUID+175, 1731, 654, 4714, 4794, 3, '186', 0, -2364.967, 2018.238, 77.31297, 0, 0, 0, 0, 1, 7200, 255, 1, 25549), -- 1731 (Area: 4794 - Difficulty: 0)
(@OGUID+176, 201594, 654, 4714, 4794, 3, '186', 0, -2278.399, 1969.408, 98.08788, 3.47321, 0, 0, -0.9862852, 0.1650499, 7200, 255, 1, 25549), -- 201594 (Area: 4794 - Difficulty: 0)
(@OGUID+177, 201891, 654, 4714, 4787, 3, '186', 0, -2192.868, 1808.405, 12.55306, 6.227753, 0, 0, -0.02771282, 0.9996159, 7200, 255, 1, 25549), -- 201891 (Area: 4787 - Difficulty: 0)
(@OGUID+178, 1618, 654, 4714, 0, 3, '186', 0, -2414.095, 1703.153, 7.239028, 0, 0, 0, 0, 1, 7200, 255, 1, 25549), -- 1618 (Area: 0 - Difficulty: 0)
(@OGUID+179, 1617, 654, 4714, 0, 3, '186', 0, -2366.618, 1606.248, -6.522739, 0, 0, 0, 0, 1, 7200, 255, 1, 25549), -- 1617 (Area: 0 - Difficulty: 0)
(@OGUID+180, 205009, 654, 4714, 0, 3, '186', 0, -2437.601, 1563.391, 16.8029, 3.57756, 0, 0, -0.9763355, 0.2162613, 7200, 255, 1, 25549), -- 205009 (Area: 0 - Difficulty: 0)
(@OGUID+181, 205005, 654, 4714, 0, 3, '186', 0, -2435.33, 1548.561, 16.7948, 3.014213, 0, 0, 0.9979725, 0.06364676, 7200, 255, 1, 25549), -- 205005 (Area: 0 - Difficulty: 0)
(@OGUID+182, 201607, 654, 4714, 0, 3, '186', 0, -2435.866, 1511.576, 16.8077, 0, 0, 0, 0, 1, 7200, 255, 1, 25549), -- 201607 (Area: 0 - Difficulty: 0)
(@OGUID+183, 201607, 654, 4714, 4731, 3, '186', 0, -2439.075, 1501.651, 18.45251, 0, 0, 0, 0, 1, 7200, 255, 1, 25549), -- 201607 (Area: 4731 - Difficulty: 0)
(@OGUID+184, 201607, 654, 4714, 4731, 3, '186', 0, -2435.408, 1490.819, 16.8136, 0, 0, 0, 0, 1, 7200, 255, 1, 25549), -- 201607 (Area: 4731 - Difficulty: 0)
(@OGUID+185, 201607, 654, 4714, 4731, 3, '186', 0, -2478.953, 1458.273, 16.84533, 0, 0, 0, 0, 1, 7200, 255, 1, 25549), -- 201607 (Area: 4731 - Difficulty: 0)
(@OGUID+186, 201607, 654, 4714, 4731, 3, '186', 0, -2421.948, 1483.22, 16.81321, 0, 0, 0, 0, 1, 7200, 255, 1, 25549), -- 201607 (Area: 4731 - Difficulty: 0)
(@OGUID+187, 201607, 654, 4714, 4731, 3, '186', 0, -2418.2, 1475.316, 16.83249, 0, 0, 0, 0, 1, 7200, 255, 1, 25549), -- 201607 (Area: 4731 - Difficulty: 0)
(@OGUID+188, 201607, 654, 4714, 4731, 3, '186', 0, -2481.228, 1479.439, 16.82753, 0, 0, 0, 0, 1, 7200, 255, 1, 25549), -- 201607 (Area: 4731 - Difficulty: 0)
(@OGUID+189, 201607, 654, 4714, 4731, 3, '186', 0, -2420.332, 1447.964, 16.80982, 0, 0, 0, 0, 1, 7200, 255, 1, 25549), -- 201607 (Area: 4731 - Difficulty: 0)
(@OGUID+190, 201607, 654, 4714, 4731, 3, '186', 0, -2456, 1431.394, 16.80378, 0, 0, 0, 0, 1, 7200, 255, 1, 25549), -- 201607 (Area: 4731 - Difficulty: 0)
(@OGUID+191, 201607, 654, 4714, 4731, 3, '186', 0, -2442.342, 1416.089, 16.80551, 0, 0, 0, 0, 1, 7200, 255, 1, 25549), -- 201607 (Area: 4731 - Difficulty: 0)
(@OGUID+192, 201607, 654, 4714, 4731, 3, '186', 0, -2436.398, 1400.521, 16.81799, 0, 0, 0, 0, 1, 7200, 255, 1, 25549), -- 201607 (Area: 4731 - Difficulty: 0)
(@OGUID+193, 201607, 654, 4714, 4731, 3, '186', 0, -2472.993, 1387.781, 16.78687, 0, 0, 0, 0, 1, 7200, 255, 1, 25549), -- 201607 (Area: 4731 - Difficulty: 0)
(@OGUID+194, 201607, 654, 4714, 4731, 3, '186', 0, -2437.358, 1390.411, 16.80612, 0, 0, 0, 0, 1, 7200, 255, 1, 25549), -- 201607 (Area: 4731 - Difficulty: 0)
(@OGUID+195, 1617, 654, 4714, 4731, 3, '186', 0, -2454.632, 1383.632, 16.79401, 0, 0, 0, 0, 1, 7200, 255, 1, 25549), -- 1617 (Area: 4731 - Difficulty: 0)
(@OGUID+196, 201607, 654, 4714, 4731, 3, '186', 0, -2456.024, 1379.84, 17.71503, 0, 0, 0, 0, 1, 7200, 255, 1, 25549), -- 201607 (Area: 4731 - Difficulty: 0)
(@OGUID+197, 201607, 654, 4714, 4731, 3, '186', 0, -2440.795, 1380.276, 18.27091, 0, 0, 0, 0, 1, 7200, 255, 1, 25549), -- 201607 (Area: 4731 - Difficulty: 0)
(@OGUID+198, 201607, 654, 4714, 4731, 3, '186', 0, -2441.503, 1370.326, 18.89237, 0, 0, 0, 0, 1, 7200, 255, 1, 25549), -- 201607 (Area: 4731 - Difficulty: 0)
(@OGUID+199, 201607, 654, 4714, 4731, 3, '186', 0, -2405.012, 1380.099, 13.00606, 0, 0, 0, 0, 1, 7200, 255, 1, 25549), -- 201607 (Area: 4731 - Difficulty: 0)
(@OGUID+200, 201607, 654, 4714, 4731, 3, '186', 0, -2437.403, 1366.153, 16.79986, 0, 0, 0, 0, 1, 7200, 255, 1, 25549), -- 201607 (Area: 4731 - Difficulty: 0)
(@OGUID+201, 201607, 654, 4714, 4731, 3, '186', 0, -2438.53, 1350.564, 16.81534, 0, 0, 0, 0, 1, 7200, 255, 1, 25549), -- 201607 (Area: 4731 - Difficulty: 0)
(@OGUID+202, 201607, 654, 4714, 4731, 3, '186', 0, -2406.411, 1329.873, 14.84283, 0, 0, 0, 0, 1, 7200, 255, 1, 25549), -- 201607 (Area: 4731 - Difficulty: 0)
(@OGUID+203, 201607, 654, 4714, 4731, 3, '186', 0, -2430.431, 1326.845, 16.80375, 0, 0, 0, 0, 1, 7200, 255, 1, 25549), -- 201607 (Area: 4731 - Difficulty: 0)
(@OGUID+204, 201607, 654, 4714, 4731, 3, '186', 0, -2438.231, 1326.344, 16.82892, 0, 0, 0, 0, 1, 7200, 255, 1, 25549), -- 201607 (Area: 4731 - Difficulty: 0)
(@OGUID+205, 201607, 654, 4714, 4731, 3, '186', 0, -2469.2, 1350.979, 16.79919, 0, 0, 0, 0, 1, 7200, 255, 1, 25549), -- 201607 (Area: 4731 - Difficulty: 0)
(@OGUID+206, 201607, 654, 4714, 4731, 3, '186', 0, -2444.571, 1329.615, 16.80827, 0, 0, 0, 0, 1, 7200, 255, 1, 25549), -- 201607 (Area: 4731 - Difficulty: 0)
(@OGUID+207, 201607, 654, 4714, 4731, 3, '186', 0, -2450.786, 1318.87, 16.79589, 0, 0, 0, 0, 1, 7200, 255, 1, 25549), -- 201607 (Area: 4731 - Difficulty: 0)
(@OGUID+208, 201607, 654, 4714, 4731, 3, '186', 0, -2469.116, 1320.413, 16.63927, 0, 0, 0, 0, 1, 7200, 255, 1, 25549), -- 201607 (Area: 4731 - Difficulty: 0)
(@OGUID+209, 201607, 654, 4714, 4731, 3, '186', 0, -2420.332, 1447.964, 16.80982, 0, 0, 0, 0, 1, 7200, 255, 1, 25549), -- 201607 (Area: 4731 - Difficulty: 0)
(@OGUID+210, 201607, 654, 4714, 4731, 3, '186', 0, -2442.342, 1416.089, 16.80551, 0, 0, 0, 0, 1, 7200, 255, 1, 25549), -- 201607 (Area: 4731 - Difficulty: 0)
(@OGUID+211, 1618, 654, 4714, 4731, 3, '186', 0, -2359.72, 1320.387, 12.08322, 0, 0, 0, 0, 1, 7200, 255, 1, 25549), -- 1618 (Area: 4731 - Difficulty: 0)
(@OGUID+212, 201607, 654, 4714, 4731, 3, '186', 0, -2436.398, 1400.521, 16.81799, 0, 0, 0, 0, 1, 7200, 255, 1, 25549), -- 201607 (Area: 4731 - Difficulty: 0)
(@OGUID+213, 201607, 654, 4714, 4731, 3, '186', 0, -2437.358, 1390.411, 16.80612, 0, 0, 0, 0, 1, 7200, 255, 1, 25549), -- 201607 (Area: 4731 - Difficulty: 0)
(@OGUID+214, 201607, 654, 4714, 4731, 3, '186', 0, -2456.024, 1379.84, 17.71503, 0, 0, 0, 0, 1, 7200, 255, 1, 25549), -- 201607 (Area: 4731 - Difficulty: 0)
(@OGUID+215, 201607, 654, 4714, 4731, 3, '186', 0, -2438.53, 1350.564, 16.81534, 0, 0, 0, 0, 1, 7200, 255, 1, 25549), -- 201607 (Area: 4731 - Difficulty: 0)
(@OGUID+216, 1731, 654, 4714, 4858, 3, '186', 0, -2270.576, 1355.34, -15.20716, 0, 0, 0, 0, 1, 7200, 255, 1, 25549), -- 1731 (Area: 4858 - Difficulty: 0)
(@OGUID+217, 1619, 654, 4714, 4730, 3, '186', 0, -2300.91, 1538.283, -9.960802, 0, 0, 0, 0, 1, 7200, 255, 1, 25549), -- 1619 (Area: 4730 - Difficulty: 0)
(@OGUID+218, 1618, 654, 4714, 4730, 3, '186', 0, -2220.526, 1423.906, -24.01563, 0, 0, 0, 0, 1, 7200, 255, 1, 25549), -- 1618 (Area: 4730 - Difficulty: 0)
(@OGUID+219, 201914, 654, 4714, 4730, 3, '186', 0, -2209.79, 1453.299, -44.70564, 0, 0, 0, 0, 1, 7200, 255, 1, 25549), -- 201914 (Area: 4730 - Difficulty: 0)
(@OGUID+220, 1731, 654, 4714, 4730, 3, '186', 0, -2219.878, 1495.028, -40.30042, 0, 0, 0, 0, 1, 7200, 255, 1, 25549), -- 1731 (Area: 4730 - Difficulty: 0)
(@OGUID+221, 1619, 654, 4714, 4730, 3, '186', 0, -2217.533, 1504.064, -40.94005, 0, 0, 0, 0, 1, 7200, 255, 1, 25549), -- 1619 (Area: 4730 - Difficulty: 0)
(@OGUID+222, 201914, 654, 4714, 4730, 3, '186', 0, -2192.497, 1481.078, -47.18853, 0, 0, 0, 0, 1, 7200, 255, 1, 25549), -- 201914 (Area: 4730 - Difficulty: 0)
(@OGUID+223, 201914, 654, 4714, 4868, 3, '186', 0, -2207.845, 1516.309, -42.15222, 0, 0, 0, 0, 1, 7200, 255, 1, 25549), -- 201914 (Area: 4868 - Difficulty: 0)
(@OGUID+224, 201914, 654, 4714, 4730, 3, '186', 0, -2202.406, 1521.722, -42.92695, 0, 0, 0, 0, 1, 7200, 255, 1, 25549), -- 201914 (Area: 4730 - Difficulty: 0)
(@OGUID+225, 201914, 654, 4714, 4730, 3, '186', 0, -2198.146, 1513.049, -43.93365, 0, 0, 0, 0, 1, 7200, 255, 1, 25549), -- 201914 (Area: 4730 - Difficulty: 0)
(@OGUID+226, 201914, 654, 4714, 4730, 3, '186', 0, -2221.62, 1532.606, -39.03342, 0, 0, 0, 0, 1, 7200, 255, 1, 25549), -- 201914 (Area: 4730 - Difficulty: 0)
(@OGUID+227, 201914, 654, 4714, 4730, 3, '186', 0, -2198.146, 1513.049, -43.93365, 0, 0, 0, 0, 1, 7200, 255, 1, 25549), -- 201914 (Area: 4730 - Difficulty: 0)
(@OGUID+228, 201914, 654, 4714, 4730, 3, '186', 0, -2176.486, 1506.691, -50.5416, 0, 0, 0, 0, 1, 7200, 255, 1, 25549), -- 201914 (Area: 4730 - Difficulty: 0)
(@OGUID+229, 1618, 654, 4714, 4730, 3, '186', 0, -2128.854, 1337.938, -68.89329, 0, 0, 0, 0, 1, 7200, 255, 1, 25549), -- 1618 (Area: 4730 - Difficulty: 0)
(@OGUID+230, 1731, 654, 4714, 4730, 3, '186', 0, -2171.264, 1273.135, -50.83645, 0, 0, 0, 0, 1, 7200, 255, 1, 25549), -- 1731 (Area: 4730 - Difficulty: 0)
(@OGUID+231, 201914, 654, 4714, 4730, 3, '186', 0, -2090.823, 1331.465, -82.0248, 0, 0, 0, 0, 1, 7200, 255, 1, 25549), -- 201914 (Area: 4730 - Difficulty: 0)
(@OGUID+232, 201914, 654, 4714, 4730, 3, '186', 0, -2140.403, 1254.04, -63.6593, 0, 0, 0, 0, 1, 7200, 255, 1, 25549), -- 201914 (Area: 4730 - Difficulty: 0)
(@OGUID+233, 201952, 654, 4714, 4730, 3, '186', 0, -2075.74, 1264.64, -85.2226, 0.6108634, 0, 0, 0.300705, 0.9537172, 7200, 255, 1, 25549), -- 201952 (Area: 4730 - Difficulty: 0)
(@OGUID+234, 201951, 654, 4714, 4730, 3, '186', 0, -2066.95, 1260.96, -85.5416, 1.902409, 0, 0, 0.8141155, 0.580703, 7200, 255, 1, 25549), -- 201951 (Area: 4730 - Difficulty: 0)
(@OGUID+235, 201950, 654, 4714, 4730, 3, '186', 0, -2060.72, 1269.86, -85.7466, 2.042035, 0, 0, 0.8526402, 0.5224986, 7200, 255, 1, 25549), -- 201950 (Area: 4730 - Difficulty: 0)
(@OGUID+236, 201914, 654, 4714, 4730, 3, '186', 0, -2041.905, 1330.417, -81.75175, 0, 0, 0, 0, 1, 7200, 255, 1, 25549), -- 201914 (Area: 4730 - Difficulty: 0)
(@OGUID+237, 1731, 654, 4714, 4841, 3, '186', 0, -2055.431, 1193.288, -72.63558, 0, 0, 0, 0, 1, 7200, 255, 1, 25549), -- 1731 (Area: 4841 - Difficulty: 0)
(@OGUID+238, 201914, 654, 4714, 4841, 3, '186', 0, -2080.682, 1200.349, -72.60854, 0, 0, 0, 0, 1, 7200, 255, 1, 25549), -- 201914 (Area: 4841 - Difficulty: 0)
(@OGUID+239, 201914, 654, 4714, 4841, 3, '186', 0, -2011.622, 1381.821, -62.00062, 0, 0, 0, 0, 1, 7200, 255, 1, 25549), -- 201914 (Area: 4841 - Difficulty: 0)
(@OGUID+240, 1617, 654, 4714, 4730, 3, '186', 0, -2060.908, 1453.569, -60.29041, 0, 0, 0, 0, 1, 7200, 255, 1, 25549), -- 1617 (Area: 4730 - Difficulty: 0)
(@OGUID+241, 201914, 654, 4714, 4730, 3, '186', 0, -2043.589, 1434.773, -59.34624, 0, 0, 0, 0, 1, 7200, 255, 1, 25549), -- 201914 (Area: 4730 - Difficulty: 0)
(@OGUID+242, 201914, 654, 4714, 4730, 3, '186', 0, -2060.271, 1451.359, -60.39293, 0, 0, 0, 0, 1, 7200, 255, 1, 25549), -- 201914 (Area: 4730 - Difficulty: 0)
(@OGUID+243, 201914, 654, 4714, 4730, 3, '186', 0, -2023.497, 1472.47, -53.77317, 0, 0, 0, 0, 1, 7200, 255, 1, 25549), -- 201914 (Area: 4730 - Difficulty: 0)
(@OGUID+244, 201914, 654, 4714, 4730, 3, '186', 0, -2003.769, 1473.97, -50.78074, 0, 0, 0, 0, 1, 7200, 255, 1, 25549), -- 201914 (Area: 4730 - Difficulty: 0)
(@OGUID+245, 1619, 654, 4714, 4730, 3, '186', 0, -1989.769, 1445.879, -44.50616, 0, 0, 0, 0, 1, 7200, 255, 1, 25549), -- 1619 (Area: 4730 - Difficulty: 0)
(@OGUID+246, 201914, 654, 4714, 4730, 3, '186', 0, -2062.281, 1504.53, -53.5918, 0, 0, 0, 0, 1, 7200, 255, 1, 25549), -- 201914 (Area: 4730 - Difficulty: 0)
(@OGUID+247, 201914, 654, 4714, 4730, 3, '186', 0, -2058.743, 1496.639, -54.26277, 0, 0, 0, 0, 1, 7200, 255, 1, 25549), -- 201914 (Area: 4730 - Difficulty: 0)
(@OGUID+248, 201914, 654, 4714, 4730, 3, '186', 0, -2042.998, 1506.306, -52.40851, 0, 0, 0, 0, 1, 7200, 255, 1, 25549), -- 201914 (Area: 4730 - Difficulty: 0)
(@OGUID+249, 1731, 654, 4714, 4730, 3, '186', 0, -1969.137, 1379.182, -46.28646, 0, 0, 0, 0, 1, 7200, 255, 1, 25549); -- 1731 (Area: 4730 - Difficulty: 0)

INSERT INTO `gameobject` (`guid`, `id`, `map`, `zoneId`, `areaId`, `spawnMask`, `PhaseId`, `PhaseGroup`, `position_x`, `position_y`, `position_z`, `orientation`, `rotation0`, `rotation1`, `rotation2`, `rotation3`, `spawntimesecs`, `animprogress`, `state`, `VerifiedBuild`) VALUES
(@OGUID+250, 1731, 654, 4714, 4730, 3, '186', 0, -1989.615, 1485.236, -43.33003, 0, 0, 0, 0, 1, 7200, 255, 1, 25549), -- 1731 (Area: 4730 - Difficulty: 0)
(@OGUID+251, 201914, 654, 4714, 4730, 3, '186', 0, -2099.969, 1514.26, -55.37563, 0, 0, 0, 0, 1, 7200, 255, 1, 25549), -- 201914 (Area: 4730 - Difficulty: 0)
(@OGUID+252, 201914, 654, 4714, 4730, 3, '186', 0, -2099.167, 1532.078, -52.05201, 0, 0, 0, 0, 1, 7200, 255, 1, 25549), -- 201914 (Area: 4730 - Difficulty: 0)
(@OGUID+253, 201914, 654, 4714, 4730, 3, '186', 0, -2037.13, 1585.26, -44.95346, 0, 0, 0, 0, 1, 7200, 255, 1, 25549), -- 201914 (Area: 4730 - Difficulty: 0)
(@OGUID+254, 201914, 654, 4714, 4730, 3, '186', 0, -1998.792, 1570.561, -44.34552, 0, 0, 0, 0, 1, 7200, 255, 1, 25549), -- 201914 (Area: 4730 - Difficulty: 0)
(@OGUID+255, 201914, 654, 4714, 4730, 3, '186', 0, -2007.316, 1575.427, -44.46036, 0, 0, 0, 0, 1, 7200, 255, 1, 25549), -- 201914 (Area: 4730 - Difficulty: 0)
(@OGUID+256, 201914, 654, 4714, 4730, 3, '186', 0, -2031.955, 1473.3, -55.57616, 0, 0, 0, 0, 1, 7200, 255, 1, 25549), -- 201914 (Area: 4730 - Difficulty: 0)
(@OGUID+257, 1731, 654, 4714, 4730, 3, '186', 0, -2024.75, 1600.184, -41.58507, 0, 0, 0, 0, 1, 7200, 255, 1, 25549), -- 1731 (Area: 4730 - Difficulty: 0)
(@OGUID+258, 201914, 654, 4714, 4730, 3, '186', 0, -2094.866, 1522.226, -53.55684, 0, 0, 0, 0, 1, 7200, 255, 1, 25549), -- 201914 (Area: 4730 - Difficulty: 0)
(@OGUID+259, 201914, 654, 4714, 4730, 3, '186', 0, -2128.536, 1467.043, -59.15144, 0, 0, 0, 0, 1, 7200, 255, 1, 25549), -- 201914 (Area: 4730 - Difficulty: 0)
(@OGUID+260, 201914, 654, 4714, 4730, 3, '186', 0, -2156.856, 1553.238, -48.27436, 0, 0, 0, 0, 1, 7200, 255, 1, 25549), -- 201914 (Area: 4730 - Difficulty: 0)
(@OGUID+261, 201914, 654, 4714, 4730, 3, '186', 0, -2165.483, 1576.167, -45.27735, 0, 0, 0, 0, 1, 7200, 255, 1, 25549), -- 201914 (Area: 4730 - Difficulty: 0)
(@OGUID+262, 201914, 654, 4714, 4730, 3, '186', 0, -2171.681, 1559.205, -45.68985, 0, 0, 0, 0, 1, 7200, 255, 1, 25549), -- 201914 (Area: 4730 - Difficulty: 0)
(@OGUID+263, 201914, 654, 4714, 4730, 3, '186', 0, -2148.984, 1571.262, -48.18236, 0, 0, 0, 0, 1, 7200, 255, 1, 25549), -- 201914 (Area: 4730 - Difficulty: 0)
(@OGUID+264, 201914, 654, 4714, 4730, 3, '186', 0, -2089.642, 1598.629, -45.71139, 0, 0, 0, 0, 1, 7200, 255, 1, 25549), -- 201914 (Area: 4730 - Difficulty: 0)
(@OGUID+265, 201914, 654, 4714, 4730, 3, '186', 0, -2093.983, 1542.969, -51.30069, 0, 0, 0, 0, 1, 7200, 255, 1, 25549), -- 201914 (Area: 4730 - Difficulty: 0)
(@OGUID+266, 201914, 654, 4714, 4730, 3, '186', 0, -2124.983, 1489.464, -57.43692, 0, 0, 0, 0, 1, 7200, 255, 1, 25549), -- 201914 (Area: 4730 - Difficulty: 0)
(@OGUID+267, 201914, 654, 4714, 4730, 3, '186', 0, -2198.146, 1513.049, -43.93365, 0, 0, 0, 0, 1, 7200, 255, 1, 25549), -- 201914 (Area: 4730 - Difficulty: 0)
(@OGUID+268, 201914, 654, 4714, 4730, 3, '186', 0, -2062.281, 1504.53, -53.5918, 0, 0, 0, 0, 1, 7200, 255, 1, 25549), -- 201914 (Area: 4730 - Difficulty: 0)
(@OGUID+269, 201914, 654, 4714, 4730, 3, '186', 0, -2058.743, 1496.639, -54.26277, 0, 0, 0, 0, 1, 7200, 255, 1, 25549), -- 201914 (Area: 4730 - Difficulty: 0)
(@OGUID+270, 201914, 654, 4714, 4730, 3, '186', 0, -2244.299, 1558.837, -36.55501, 0, 0, 0, 0, 1, 7200, 255, 1, 25549), -- 201914 (Area: 4730 - Difficulty: 0)
(@OGUID+271, 201914, 654, 4714, 4730, 3, '186', 0, -2219.991, 1590.781, -40.19862, 0, 0, 0, 0, 1, 7200, 255, 1, 25549), -- 201914 (Area: 4730 - Difficulty: 0)
(@OGUID+272, 201914, 654, 4714, 4730, 3, '186', 0, -2219.203, 1581.238, -40.4642, 0, 0, 0, 0, 1, 7200, 255, 1, 25549), -- 201914 (Area: 4730 - Difficulty: 0)
(@OGUID+273, 201914, 654, 4714, 4730, 3, '186', 0, -2225.137, 1586.379, -38.88655, 0, 0, 0, 0, 1, 7200, 255, 1, 25549), -- 201914 (Area: 4730 - Difficulty: 0)
(@OGUID+274, 201914, 654, 4714, 4730, 3, '186', 0, -2176.486, 1506.691, -50.5416, 0, 0, 0, 0, 1, 7200, 255, 1, 25549), -- 201914 (Area: 4730 - Difficulty: 0)
(@OGUID+275, 201939, 654, 4714, 4730, 3, '186', 0, -2118.814, 1630.486, -41.62808, 3.944446, 0, 0, -0.9205046, 0.3907318, 7200, 255, 1, 25549), -- 201939 (Area: 4730 - Difficulty: 0)
(@OGUID+276, 201914, 654, 4714, 4730, 3, '186', 0, -2180.521, 1550.109, -47.23647, 0, 0, 0, 0, 1, 7200, 255, 1, 25549), -- 201914 (Area: 4730 - Difficulty: 0)
(@OGUID+277, 201914, 654, 4714, 4730, 3, '186', 0, -2261.372, 1574.125, -33.15516, 0, 0, 0, 0, 1, 7200, 255, 1, 25549), -- 201914 (Area: 4730 - Difficulty: 0)
(@OGUID+278, 201914, 654, 4714, 4730, 3, '186', 0, -2233.899, 1624.651, -35.19302, 0, 0, 0, 0, 1, 7200, 255, 1, 25549), -- 201914 (Area: 4730 - Difficulty: 0)
(@OGUID+279, 201914, 654, 4714, 4730, 3, '186', 0, -2249.155, 1570.569, -34.46474, 0, 0, 0, 0, 1, 7200, 255, 1, 25549), -- 201914 (Area: 4730 - Difficulty: 0)
(@OGUID+280, 201914, 654, 4714, 4730, 3, '186', 0, -2141.795, 1470.446, -57.37347, 0, 0, 0, 0, 1, 7200, 255, 1, 25549), -- 201914 (Area: 4730 - Difficulty: 0)
(@OGUID+281, 1731, 654, 4714, 4730, 3, '186', 0, -2291.76, 1551.708, -22.97548, 0, 0, 0, 0, 1, 7200, 255, 1, 25549), -- 1731 (Area: 4730 - Difficulty: 0)
(@OGUID+282, 201914, 654, 4714, 4730, 3, '186', 0, -2301.693, 1585.708, -23.2054, 0, 0, 0, 0, 1, 7200, 255, 1, 25549), -- 201914 (Area: 4730 - Difficulty: 0)
(@OGUID+283, 201914, 654, 4714, 4730, 3, '186', 0, -2127.019, 1326.061, -71.1124, 0, 0, 0, 0, 1, 7200, 255, 1, 25549), -- 201914 (Area: 4730 - Difficulty: 0)
(@OGUID+284, 201914, 654, 4714, 4730, 3, '186', 0, -2042.998, 1506.306, -52.40851, 0, 0, 0, 0, 1, 7200, 255, 1, 25549), -- 201914 (Area: 4730 - Difficulty: 0)
(@OGUID+285, 201914, 654, 4714, 4730, 3, '186', 0, -2169.538, 1645.557, -39.38561, 0, 0, 0, 0, 1, 7200, 255, 1, 25549), -- 201914 (Area: 4730 - Difficulty: 0)
(@OGUID+286, 201914, 654, 4714, 4730, 3, '186', 0, -2199.531, 1672.313, -42.13793, 0, 0, 0, 0, 1, 7200, 255, 1, 25549), -- 201914 (Area: 4730 - Difficulty: 0)
(@OGUID+287, 1731, 654, 4714, 4730, 3, '186', 0, -2053.116, 1662.639, 8.741403, 0, 0, 0, 0, 1, 7200, 255, 1, 25549), -- 1731 (Area: 4730 - Difficulty: 0)
(@OGUID+288, 201914, 654, 4714, 4730, 3, '186', 0, -2215.101, 1675.953, -39.4812, 0, 0, 0, 0, 1, 7200, 255, 1, 25549), -- 201914 (Area: 4730 - Difficulty: 0)
(@OGUID+289, 1618, 654, 4714, 4730, 3, '186', 0, -2233.668, 1673.403, -37.82839, 0, 0, 0, 0, 1, 7200, 255, 1, 25549), -- 1618 (Area: 4730 - Difficulty: 0)
(@OGUID+290, 1618, 654, 4714, 4730, 3, '186', 0, -2177.642, 1531.622, -50.58277, 0, 0, 0, 0, 1, 7200, 255, 1, 25549), -- 1618 (Area: 4730 - Difficulty: 0)
(@OGUID+291, 201914, 654, 4714, 4841, 3, '186', 0, -2090.823, 1331.465, -82.0248, 0, 0, 0, 0, 1, 7200, 255, 1, 25549), -- 201914 (Area: 4841 - Difficulty: 0)
(@OGUID+292, 1618, 654, 4714, 4730, 3, '186', 0, -2220.526, 1423.906, -24.01563, 0, 0, 0, 0, 1, 7200, 255, 1, 25549), -- 1618 (Area: 4730 - Difficulty: 0)
(@OGUID+293, 1619, 654, 4714, 4730, 3, '186', 0, -2222.927, 1488.361, -41.45869, 0, 0, 0, 0, 1, 7200, 255, 1, 25549), -- 1619 (Area: 4730 - Difficulty: 0)
(@OGUID+294, 201914, 654, 4714, 4730, 3, '186', 0, -2074.425, 1439.292, -63.81453, 0, 0, 0, 0, 1, 7200, 255, 1, 25549), -- 201914 (Area: 4730 - Difficulty: 0)
(@OGUID+295, 1619, 654, 4714, 4730, 3, '186', 0, -2300.91, 1538.283, -9.960802, 0, 0, 0, 0, 1, 7200, 255, 1, 25549), -- 1619 (Area: 4730 - Difficulty: 0)
(@OGUID+296, 201914, 654, 4714, 4730, 3, '186', 0, -2297.003, 1630.99, -23.45579, 0, 0, 0, 0, 1, 7200, 255, 1, 25549), -- 201914 (Area: 4730 - Difficulty: 0)
(@OGUID+297, 1617, 654, 4714, 4730, 3, '186', 0, -2375.196, 1579.203, -4.835753, 0, 0, 0, 0, 1, 7200, 255, 1, 25549), -- 1617 (Area: 4730 - Difficulty: 0)
(@OGUID+298, 1731, 654, 4714, 4730, 3, '186', 0, -2273.969, 1658.931, -26.41685, 0, 0, 0, 0, 1, 7200, 255, 1, 25549), -- 1731 (Area: 4730 - Difficulty: 0)
(@OGUID+299, 201891, 654, 4714, 4730, 3, '186', 0, -2192.868, 1808.405, 12.55306, 6.227753, 0, 0, -0.02771282, 0.9996159, 7200, 255, 1, 25549), -- 201891 (Area: 4730 - Difficulty: 0)
(@OGUID+300, 201891, 654, 4714, 4731, 3, '186', 0, -2192.868, 1808.405, 12.55306, 6.227753, 0, 0, -0.02771282, 0.9996159, 7200, 255, 1, 25549), -- 201891 (Area: 4731 - Difficulty: 0)
(@OGUID+301, 1618, 654, 4714, 0, 3, '186', 0, -1539.66, 1147.32, 26.4524, 0, 0, 0, 0, 1, 7200, 255, 1, 25549), -- 1618 (Area: 0 - Difficulty: 0)
(@OGUID+302, 1731, 654, 4714, 0, 3, '186', 0, -1501.667, 1199.045, 27.90896, 0, 0, 0, 0, 1, 7200, 255, 1, 25549), -- 1731 (Area: 0 - Difficulty: 0)
(@OGUID+303, 1619, 654, 4714, 0, 3, '186', 0, -1492.59, 1056.403, 26.51236, 0, 0, 0, 0, 1, 7200, 255, 1, 25549), -- 1619 (Area: 0 - Difficulty: 0)
(@OGUID+304, 1617, 654, 4714, 0, 3, '186', 0, -1456.78, 1172.09, 29.9476, 0, 0, 0, 0, 1, 7200, 255, 1, 25549), -- 1617 (Area: 0 - Difficulty: 0)
(@OGUID+305, 1619, 654, 4714, 0, 3, '186', 0, -1333.84, 1137.828, 37.89291, 0, 0, 0, 0, 1, 7200, 255, 1, 25549), -- 1619 (Area: 0 - Difficulty: 0)
(@OGUID+306, 1619, 654, 4714, 0, 3, '186', 0, -1268.944, 1208.417, 32.65357, 0, 0, 0, 0, 1, 7200, 255, 1, 25549), -- 1619 (Area: 0 - Difficulty: 0)
(@OGUID+307, 1731, 654, 4714, 0, 3, '186', 0, -1421.448, 974.6649, 15.71816, 0, 0, 0, 0, 1, 7200, 255, 1, 25549), -- 1731 (Area: 0 - Difficulty: 0)
(@OGUID+308, 1617, 654, 4714, 0, 3, '186', 0, -1540.34, 969.628, 19.6248, 0, 0, 0, 0, 1, 7200, 255, 1, 25549), -- 1617 (Area: 0 - Difficulty: 0)
(@OGUID+309, 1618, 654, 4714, 0, 3, '186', 0, -1420.75, 921.7049, 5.592804, 0, 0, 0, 0, 1, 7200, 255, 1, 25549), -- 1618 (Area: 0 - Difficulty: 0)
(@OGUID+310, 1618, 654, 4714, 0, 3, '186', 0, -1324.092, 941.8229, 9.647168, 0, 0, 0, 0, 1, 7200, 255, 1, 25549), -- 1618 (Area: 0 - Difficulty: 0)
(@OGUID+311, 1731, 654, 4714, 0, 3, '186', 0, -1266.2, 944.6007, 16.9375, 0, 0, 0, 0, 1, 7200, 255, 1, 25549), -- 1731 (Area: 0 - Difficulty: 0)
(@OGUID+312, 1619, 654, 4714, 0, 3, '186', 0, -1229.497, 981.1875, 48.15213, 0, 0, 0, 0, 1, 7200, 255, 1, 25549), -- 1619 (Area: 0 - Difficulty: 0)
(@OGUID+313, 201775, 654, 4714, 0, 3, '186', 0, -1183.536, 951.75, 28.46598, 1.989672, 0, 0, 0.8386698, 0.5446402, 7200, 255, 1, 25549), -- 201775 (Area: 0 - Difficulty: 0)
(@OGUID+314, 1731, 654, 4714, 0, 3, '186', 0, -1219.722, 924.6337, 25.09724, 0, 0, 0, 0, 1, 7200, 255, 1, 25549), -- 1731 (Area: 0 - Difficulty: 0)
(@OGUID+315, 201775, 654, 4714, 0, 3, '186', 0, -1187.852, 870.6111, 23.51332, 5.916668, 0, 0, -0.1822348, 0.983255, 7200, 255, 1, 25549), -- 201775 (Area: 0 - Difficulty: 0)
(@OGUID+316, 201775, 654, 4714, 0, 3, '186', 0, -1139.075, 954.6389, 41.42125, 0.8726639, 0, 0, 0.4226179, 0.9063079, 7200, 255, 1, 25549), -- 201775 (Area: 0 - Difficulty: 0)
(@OGUID+317, 201775, 654, 4714, 0, 3, '186', 0, -1166.731, 1026.09, 43.7643, 1.989672, 0, 0, 0.8386698, 0.5446402, 7200, 255, 1, 25549), -- 201775 (Area: 0 - Difficulty: 0)
(@OGUID+318, 201775, 654, 4714, 0, 3, '186', 0, -1170.09, 870.2778, 23.60718, 1.989672, 0, 0, 0.8386698, 0.5446402, 7200, 255, 1, 25549), -- 201775 (Area: 0 - Difficulty: 0)
(@OGUID+319, 1731, 654, 4714, 0, 3, '186', 0, -1175.719, 866.7813, 23.8416, 0, 0, 0, 0, 1, 7200, 255, 1, 25549), -- 1731 (Area: 0 - Difficulty: 0)
(@OGUID+320, 1731, 654, 4714, 0, 3, '186', 0, -1121.837, 939.684, 41.12376, 0, 0, 0, 0, 1, 7200, 255, 1, 25549), -- 1731 (Area: 0 - Difficulty: 0)
(@OGUID+321, 201775, 654, 4714, 0, 3, '186', 0, -1112.569, 931.191, 40.86225, 5.166176, 0, 0, -0.5299187, 0.8480484, 7200, 255, 1, 25549), -- 201775 (Area: 0 - Difficulty: 0)
(@OGUID+322, 201775, 654, 4714, 0, 3, '186', 0, -1147.951, 1024.976, 43.16725, 0.7679439, 0, 0, 0.3746061, 0.927184, 7200, 255, 1, 25549), -- 201775 (Area: 0 - Difficulty: 0)
(@OGUID+323, 201775, 654, 4714, 0, 3, '186', 0, -1082.767, 907.5643, 36.93899, 3.159062, 0, 0, -0.9999619, 0.008734641, 7200, 255, 1, 25549), -- 201775 (Area: 0 - Difficulty: 0)
(@OGUID+324, 201775, 654, 4714, 0, 3, '186', 0, -1057.899, 928.2465, 41.19948, 4.939284, 0, 0, -0.6225138, 0.7826088, 7200, 255, 1, 25549), -- 201775 (Area: 0 - Difficulty: 0)
(@OGUID+325, 201775, 654, 4714, 0, 3, '186', 0, -1052.988, 965.2396, 44.93267, 4.01426, 0, 0, -0.9063072, 0.4226195, 7200, 255, 1, 25549), -- 201775 (Area: 0 - Difficulty: 0)
(@OGUID+326, 201775, 654, 4714, 0, 3, '186', 0, -1094.54, 991.4254, 46.32872, 4.01426, 0, 0, -0.9063072, 0.4226195, 7200, 255, 1, 25549), -- 201775 (Area: 0 - Difficulty: 0)
(@OGUID+327, 201775, 654, 4714, 0, 3, '186', 0, -1075.552, 942.1268, 40.09185, 4.485497, 0, 0, -0.782608, 0.6225148, 7200, 255, 1, 25549), -- 201775 (Area: 0 - Difficulty: 0)
(@OGUID+328, 201775, 654, 4714, 0, 3, '186', 0, -1071.754, 874.5226, 36.28397, 4.939284, 0, 0, -0.6225138, 0.7826088, 7200, 255, 1, 25549), -- 201775 (Area: 0 - Difficulty: 0)
(@OGUID+329, 1731, 654, 4714, 0, 3, '186', 0, -1091.729, 1001.333, 46.65712, 0, 0, 0, 0, 1, 7200, 255, 1, 25549), -- 1731 (Area: 0 - Difficulty: 0)
(@OGUID+330, 201775, 654, 4714, 0, 3, '186', 0, -1018.995, 997.1077, 40.72203, 4.520403, 0, 0, -0.7716246, 0.6360782, 7200, 255, 1, 25549), -- 201775 (Area: 0 - Difficulty: 0)
(@OGUID+331, 201775, 654, 4714, 0, 3, '186', 0, -1015.99, 980.6684, 39.47688, 2.373644, 0, 0, 0.9271832, 0.3746083, 7200, 255, 1, 25549), -- 201775 (Area: 0 - Difficulty: 0)
(@OGUID+332, 201775, 654, 4714, 0, 3, '186', 0, -1064.066, 849.7795, 36.50667, 4.939284, 0, 0, -0.6225138, 0.7826088, 7200, 255, 1, 25549), -- 201775 (Area: 0 - Difficulty: 0)
(@OGUID+333, 1731, 654, 4714, 0, 3, '186', 0, -1026.934, 980.0139, 40.41188, 0, 0, 0, 0, 1, 7200, 255, 1, 25549), -- 1731 (Area: 0 - Difficulty: 0)
(@OGUID+334, 1731, 654, 4714, 0, 3, '186', 0, -1223.734, 1163.066, 26.68285, 0, 0, 0, 0, 1, 7200, 255, 1, 25549), -- 1731 (Area: 0 - Difficulty: 0)
(@OGUID+335, 1617, 654, 4714, 0, 3, '186', 0, -1147.285, 1097.557, 23.84699, 0, 0, 0, 0, 1, 7200, 255, 1, 25549), -- 1617 (Area: 0 - Difficulty: 0)
(@OGUID+336, 1731, 654, 4714, 6546, 3, '186', 0, -1123.736, 1071.451, 24.20723, 0, 0, 0, 0, 1, 7200, 255, 1, 25549), -- 1731 (Area: 6546 - Difficulty: 0)
(@OGUID+337, 201775, 654, 4714, 6546, 3, '186', 0, -1187.413, 1057.868, 36.53125, 4.520403, 0, 0, -0.7716246, 0.6360782, 7200, 255, 1, 25549), -- 201775 (Area: 6546 - Difficulty: 0)
(@OGUID+338, 201775, 654, 4714, 4732, 3, '186', 0, -1166.731, 1026.09, 43.7643, 1.989672, 0, 0, 0.8386698, 0.5446402, 7200, 255, 1, 25549), -- 201775 (Area: 4732 - Difficulty: 0)
(@OGUID+339, 201775, 654, 4714, 4732, 3, '186', 0, -1094.54, 991.4254, 46.32872, 4.01426, 0, 0, -0.9063072, 0.4226195, 7200, 255, 1, 25549), -- 201775 (Area: 4732 - Difficulty: 0)
(@OGUID+340, 201775, 654, 4714, 4732, 3, '186', 0, -1097.033, 835.9202, 36.7592, 4.939284, 0, 0, -0.6225138, 0.7826088, 7200, 255, 1, 25549), -- 201775 (Area: 4732 - Difficulty: 0)
(@OGUID+341, 1731, 654, 4714, 4732, 3, '186', 0, -1080.816, 826.7535, 36.40831, 0, 0, 0, 0, 1, 7200, 255, 1, 25549), -- 1731 (Area: 4732 - Difficulty: 0)
(@OGUID+342, 201775, 654, 4714, 4732, 3, '186', 0, -1052.988, 965.2396, 44.93267, 4.01426, 0, 0, -0.9063072, 0.4226195, 7200, 255, 1, 25549), -- 201775 (Area: 4732 - Difficulty: 0)
(@OGUID+343, 201775, 654, 4714, 4732, 3, '186', 0, -1018.995, 997.1077, 40.72203, 4.520403, 0, 0, -0.7716246, 0.6360782, 7200, 255, 1, 25549), -- 201775 (Area: 4732 - Difficulty: 0)
(@OGUID+344, 201775, 654, 4714, 4732, 3, '186', 0, -1015.99, 980.6684, 39.47688, 2.373644, 0, 0, 0.9271832, 0.3746083, 7200, 255, 1, 25549), -- 201775 (Area: 4732 - Difficulty: 0)
(@OGUID+345, 201775, 654, 4714, 4732, 3, '186', 0, -1082.767, 907.5643, 36.93899, 3.159062, 0, 0, -0.9999619, 0.008734641, 7200, 255, 1, 25549), -- 201775 (Area: 4732 - Difficulty: 0)
(@OGUID+346, 201775, 654, 4714, 4732, 3, '186', 0, -1075.552, 942.1268, 40.09185, 4.485497, 0, 0, -0.782608, 0.6225148, 7200, 255, 1, 25549), -- 201775 (Area: 4732 - Difficulty: 0)
(@OGUID+347, 201775, 654, 4714, 4732, 3, '186', 0, -1071.754, 874.5226, 36.28397, 4.939284, 0, 0, -0.6225138, 0.7826088, 7200, 255, 1, 25549), -- 201775 (Area: 4732 - Difficulty: 0)
(@OGUID+348, 201775, 654, 4714, 4732, 3, '186', 0, -1112.569, 931.191, 40.86225, 5.166176, 0, 0, -0.5299187, 0.8480484, 7200, 255, 1, 25549), -- 201775 (Area: 4732 - Difficulty: 0)
(@OGUID+349, 201775, 654, 4714, 4734, 3, '186', 0, -1166.731, 1026.09, 43.7643, 1.989672, 0, 0, 0.8386698, 0.5446402, 7200, 255, 1, 25549), -- 201775 (Area: 4734 - Difficulty: 0)
(@OGUID+350, 201775, 654, 4714, 4734, 3, '186', 0, -1147.951, 1024.976, 43.16725, 0.7679439, 0, 0, 0.3746061, 0.927184, 7200, 255, 1, 25549), -- 201775 (Area: 4734 - Difficulty: 0)
(@OGUID+351, 195578, 654, 4714, 4842, 3, '187', 0, -1429.641, 1342.819, 35.3614, 1.818035, 0, 0, 0.7889004, 0.6145211, 7200, 255, 0, 25549), -- 195578 (Area: 4842 - Difficulty: 0)
(@OGUID+352, 195465, 654, 4755, 4757, 3, '187', 0, -1794.13, 1402.51, 20.1318, 2.155482, -0.03809595, -0.02527809, 0.8803816, 0.4720572, 7200, 255, 1, 25549), -- 195465 (Area: 4757 - Difficulty: 0)
(@OGUID+353, 195466, 654, 4755, 4757, 3, '187', 0, -1805.29, 1399.5, 20.261, 1.265364, 0.06552887, 0.01846695, 0.5911665, 0.8036711, 7200, 255, 1, 25549), -- 195466 (Area: 4757 - Difficulty: 0)
(@OGUID+354, 195453, 654, 4755, 4757, 3, '187', 0, -1769.5, 1405.62, 20.0667, 5.896716, -0.02017355, 0.06879044, -0.1894732, 0.9792655, 7200, 255, 1, 25549), -- 195453 (Area: 4757 - Difficulty: 0)
(@OGUID+355, 195454, 654, 4755, 4757, 3, '187', 0, -1764.931, 1415.87, 20.1221, 1.40499, 0, 0, 0.6461239, 0.7632326, 7200, 255, 1, 25549), -- 195454 (Area: 4757 - Difficulty: 0)
(@OGUID+356, 201871, 654, 4714, 4790, 3, '188', 0, -1671.038, 1829.542, 6.487644, 0, 0, 0, 0, 1, 7200, 255, 1, 25549), -- 201871 (Area: 4790 - Difficulty: 0)
(@OGUID+357, 201871, 654, 4714, 4790, 3, '188', 0, -1615.965, 1831.826, 5.214407, 0, 0, 0, 0, 1, 7200, 255, 1, 25549), -- 201871 (Area: 4790 - Difficulty: 0)
(@OGUID+358, 201871, 654, 4714, 4790, 3, '188', 0, -1649.552, 1834.936, 4.675716, 0, 0, 0, 0, 1, 7200, 255, 1, 25549), -- 201871 (Area: 4790 - Difficulty: 0)
(@OGUID+359, 201871, 654, 4714, 4727, 3, '188', 0, -1715.45, 1928.212, 21.04192, 0, 0, 0, 0, 1, 7200, 255, 1, 25549), -- 201871 (Area: 4727 - Difficulty: 0)
(@OGUID+360, 201871, 654, 4714, 4727, 3, '188', 0, -1671.576, 1910.842, 30.10479, 0, 0, 0, 0, 1, 7200, 255, 1, 25549), -- 201871 (Area: 4727 - Difficulty: 0)
(@OGUID+361, 201964, 654, 4714, 4727, 3, '188', 0, -1647.231, 1902.141, 31.81106, 0.4188786, 0, 0, 0.2079115, 0.9781476, 7200, 255, 1, 25549), -- 201964 (Area: 4727 - Difficulty: 0)
(@OGUID+362, 201871, 654, 4714, 4727, 3, '188', 0, -1668.234, 1926.969, 29.37, 0, 0, 0, 0, 1, 7200, 255, 1, 25549), -- 201871 (Area: 4727 - Difficulty: 0)
(@OGUID+363, 201871, 654, 4714, 4727, 3, '188', 0, -1708.868, 1970.498, 30.07701, 0, 0, 0, 0, 1, 7200, 255, 1, 25549), -- 201871 (Area: 4727 - Difficulty: 0)
(@OGUID+364, 201871, 654, 4714, 4727, 3, '188', 0, -1656.868, 1942.22, 28.78513, 0, 0, 0, 0, 1, 7200, 255, 1, 25549), -- 201871 (Area: 4727 - Difficulty: 0)
(@OGUID+365, 201871, 654, 4714, 4727, 3, '188', 0, -1651.92, 1967.339, 23.53575, 0, 0, 0, 0, 1, 7200, 255, 1, 25549), -- 201871 (Area: 4727 - Difficulty: 0)
(@OGUID+366, 201871, 654, 4714, 4727, 3, '188', 0, -1670.882, 1965.615, 23.55947, 0, 0, 0, 0, 1, 7200, 255, 1, 25549), -- 201871 (Area: 4727 - Difficulty: 0)
(@OGUID+367, 201871, 654, 4714, 4727, 3, '188', 0, -1655.8, 1999.021, 27.47042, 0, 0, 0, 0, 1, 7200, 255, 1, 25549), -- 201871 (Area: 4727 - Difficulty: 0)
(@OGUID+368, 201871, 654, 4714, 4727, 3, '188', 0, -1583.497, 1977.009, 7.619908, 0, 0, 0, 0, 1, 7200, 255, 1, 25549), -- 201871 (Area: 4727 - Difficulty: 0)
(@OGUID+369, 201871, 654, 4714, 4727, 3, '188', 0, -1597.408, 1903.845, 13.27491, 0, 0, 0, 0, 1, 7200, 255, 1, 25549), -- 201871 (Area: 4727 - Difficulty: 0)
(@OGUID+370, 201871, 654, 4714, 4727, 3, '188', 0, -1578.163, 1887.743, 6.259891, 0, 0, 0, 0, 1, 7200, 255, 1, 25549), -- 201871 (Area: 4727 - Difficulty: 0)
(@OGUID+371, 201871, 654, 4714, 4727, 3, '188', 0, -1670.882, 1965.615, 23.55947, 0, 0, 0, 0, 1, 7200, 255, 1, 25549), -- 201871 (Area: 4727 - Difficulty: 0)
(@OGUID+372, 201871, 654, 4714, 4727, 3, '188', 0, -1668.234, 1926.969, 29.37, 0, 0, 0, 0, 1, 7200, 255, 1, 25549), -- 201871 (Area: 4727 - Difficulty: 0)
(@OGUID+373, 201871, 654, 4714, 4727, 3, '188', 0, -1568.163, 1857.535, 4.010886, 0, 0, 0, 0, 1, 7200, 255, 1, 25549), -- 201871 (Area: 4727 - Difficulty: 0)
(@OGUID+374, 201871, 654, 4714, 4727, 3, '188', 0, -1552.21, 1901.934, 4.652254, 0, 0, 0, 0, 1, 7200, 255, 1, 25549), -- 201871 (Area: 4727 - Difficulty: 0)
(@OGUID+375, 201871, 654, 4714, 4727, 3, '188', 0, -1548.972, 1927.644, 4.541959, 0, 0, 0, 0, 1, 7200, 255, 1, 25549), -- 201871 (Area: 4727 - Difficulty: 0)
(@OGUID+376, 201871, 654, 4714, 4727, 3, '188', 0, -1542.385, 1962.832, 5.188477, 0, 0, 0, 0, 1, 7200, 255, 1, 25549), -- 201871 (Area: 4727 - Difficulty: 0)
(@OGUID+377, 201871, 654, 4714, 4727, 3, '188', 0, -1671.576, 1910.842, 30.10479, 0, 0, 0, 0, 1, 7200, 255, 1, 25549), -- 201871 (Area: 4727 - Difficulty: 0)
(@OGUID+378, 201871, 654, 4714, 4727, 3, '188', 0, -1597.408, 1903.845, 13.27491, 0, 0, 0, 0, 1, 7200, 255, 1, 25549), -- 201871 (Area: 4727 - Difficulty: 0)
(@OGUID+379, 201871, 654, 4714, 4727, 3, '188', 0, -1568.163, 1857.535, 4.010886, 0, 0, 0, 0, 1, 7200, 255, 1, 25549), -- 201871 (Area: 4727 - Difficulty: 0)
-- (@OGUID+380, 202319, 654, 4714, 4727, 3, '188', 0, -1639.589, 1906.338, 30.0273, 0.5956942, 0, 0, 0.2934628, 0.9559705, 7200, 255, 1, 25549), -- 202319 (Area: 4727 - Difficulty: 0) - !!! might be temporary spawn !!!
(@OGUID+381, 207626, 654, 4714, 4727, 3, '187 - 188', 0, -1645.566, 1902.809, 29.99634, 5.096362, 0, 0, -0.5591927, 0.8290377, 7200, 255, 1, 25549), -- 207626 (Area: 4727 - Difficulty: 0)
-- (@OGUID+382, 203428, 654, 4714, 4726, 3, '191', 0, 0, 0, 0, 1.844765, 0, 0, 0.7970428, 0.6039228, 7200, 255, 1, 25549), -- 0 (Area: 4726 - Difficulty: 0) - !!! transport !!!
(@OGUID+383, 204428, UNKNOWN, 4714, 0, 3, '191', 0, 8.12995, 5.35667, 84.7137, 0, 0, 0, 0, 1, 7200, 255, 1, 25549), -- 204428 (Area: 0 - Difficulty: 0)
(@OGUID+384, 204458, UNKNOWN, 4714, 4725, 3, '191', 0, 53.6417, -0.00663333, 10.4467, 0, 0, 0, 0, 1, 7200, 255, 1, 25549), -- 204458 (Area: 4725 - Difficulty: 0)
(@OGUID+385, 204458, UNKNOWN, 4714, 4725, 3, '191', 0, 53.6808, -2.18513, 10.4548, 0, 0, 0, 0, 1, 7200, 255, 1, 25549), -- 204458 (Area: 4725 - Difficulty: 0)
(@OGUID+386, 204458, UNKNOWN, 4714, 4725, 3, '191', 0, 53.1084, 2.12947, 10.4369, 0, 0, 0, 0, 1, 7200, 255, 1, 25549), -- 204458 (Area: 4725 - Difficulty: 0)
(@OGUID+387, 208831, 1, 141, 702, 1, '', 0, 8330.735, 1208.099, -46.20187, 0, 0, 0, 0, 1, 120, 255, 1, 25549), -- 208831 (Area: 702 - Difficulty: 0)
(@OGUID+388, 208831, 1, 141, 702, 1, '', 0, 8431.181, 1170.47, -2.491042, 0, 0, 0, 0, 1, 120, 255, 1, 25549), -- 208831 (Area: 702 - Difficulty: 0)
(@OGUID+389, 208831, 1, 141, 702, 1, '', 0, 8414.9, 1107.41, -2.062353, 0, 0, 0, 0, 1, 120, 255, 1, 25549), -- 208831 (Area: 702 - Difficulty: 0)
(@OGUID+390, 208831, 1, 141, 702, 1, '', 0, 8373.784, 1095.448, -0.6991163, 0, 0, 0, 0, 1, 120, 255, 1, 25549), -- 208831 (Area: 702 - Difficulty: 0)
(@OGUID+391, 208831, 1, 141, 702, 1, '', 0, 8306.7, 1091.639, -1.335908, 0, 0, 0, 0, 1, 120, 255, 1, 25549), -- 208831 (Area: 702 - Difficulty: 0)
(@OGUID+392, 208831, 1, 141, 702, 1, '', 0, 8388.786, 1089.491, -0.5536039, 0, 0, 0, 0, 1, 120, 255, 1, 25549), -- 208831 (Area: 702 - Difficulty: 0)
(@OGUID+393, 208831, 1, 141, 702, 1, '', 0, 8365.388, 1188.354, -38.2192, 0, 0, 0, 0, 1, 120, 255, 1, 25549), -- 208831 (Area: 702 - Difficulty: 0)
(@OGUID+394, 208831, 1, 141, 702, 1, '', 0, 8264.833, 1125.137, 0.05208333, 0, 0, 0, 0, 1, 120, 255, 1, 25549), -- 208831 (Area: 702 - Difficulty: 0)
(@OGUID+395, 195112, 1, 141, 702, 1, '', 0, 9784.471, 1560.974, 1299.832, 1.274088, 0, 0, 0.5948219, 0.8038574, 120, 255, 1, 25549), -- 195112 (Area: 702 - Difficulty: 0)
(@OGUID+396, 208831, 1, 141, 702, 1, '', 0, 8326.326, 1086.354, -1.496338, 0, 0, 0, 0, 1, 120, 255, 1, 25549), -- 208831 (Area: 702 - Difficulty: 0)
-- (@OGUID+397, 176310, 1, 141, 702, 1, '', 0, 0, 0, 0, 4.475813, 0, 0, -0.7856131, 0.6187181, 120, 255, 1, 25549), -- 0 (Area: 702 - Difficulty: 0) - !!! transport !!!
(@OGUID+398, 208831, 1, 141, 702, 1, '', 0, 8297.772, 1186.323, -44.15205, 0, 0, 0, 0, 1, 120, 255, 1, 25549), -- 208831 (Area: 702 - Difficulty: 0)
(@OGUID+399, 208831, 1, 141, 702, 1, '', 0, 8402.348, 1136.226, -8.181023, 0, 0, 0, 0, 1, 120, 255, 1, 25549), -- 208831 (Area: 702 - Difficulty: 0)
(@OGUID+400, 208831, 1, 141, 702, 1, '', 0, 8434.971, 1139.257, -3.55313, 0, 0, 0, 0, 1, 120, 255, 1, 25549), -- 208831 (Area: 702 - Difficulty: 0)
(@OGUID+401, 208831, 1, 141, 702, 1, '', 0, 8300.516, 1120.108, -1.094398, 0, 0, 0, 0, 1, 120, 255, 1, 25549); -- 208831 (Area: 702 - Difficulty: 0)

DELETE FROM `gameobject_addon` WHERE `guid` BETWEEN @OGUID+0 AND @OGUID+106;
INSERT INTO `gameobject_addon` (`guid`, `parent_rotation0`, `parent_rotation1`, `parent_rotation2`, `parent_rotation3`) VALUES
(@OGUID+6, 0, 0, 0.9426414, -0.3338069), -- 196404
(@OGUID+12, 0, 0, 0.9426414, -0.3338069), -- 206693
(@OGUID+18, 0, 0, 0.9999967, -0.00259022), -- 207093
(@OGUID+20, 0, 0, 0.9255404, -0.3786487), -- 202695
(@OGUID+21, 0, 0, 0.9255404, -0.3786487), -- 202694
(@OGUID+22, 0, 0, 0.9255404, -0.3786487); -- 202696

DELETE FROM `gameobject_addon` WHERE `guid` BETWEEN @OGUID+0 AND @OGUID+401;
INSERT INTO `gameobject_addon` (`guid`, `parent_rotation0`, `parent_rotation1`, `parent_rotation2`, `parent_rotation3`) VALUES
(@OGUID+3, 0, 0, 0.9426414, -0.3338069), -- 196404
(@OGUID+135, 0, 0, 0.9418979, -0.3358992), -- 202641
(@OGUID+136, 0, 0, 0.9418979, -0.3358992), -- 202640
(@OGUID+137, 0, 0, 0.9418979, -0.3358992), -- 202643
(@OGUID+138, 0, 0, 0.9418979, -0.3358992), -- 202642
(@OGUID+139, 0, 0, 0.9418979, -0.3358992), -- 202644
(@OGUID+140, 0, 0, 0.9418979, -0.3358992), -- 202629
(@OGUID+141, 0, 0, 0.9418979, -0.3358992), -- 202631
(@OGUID+142, 0, 0, 0.9418979, -0.3358992), -- 202630
(@OGUID+143, 0, 0, 0.9418979, -0.3358992), -- 202633
(@OGUID+144, 0, 0, 0.9418979, -0.3358992), -- 202635
(@OGUID+145, 0, 0, 0.9418979, -0.3358992), -- 202637
(@OGUID+146, 0, 0, 0.9418979, -0.3358992), -- 202636
(@OGUID+147, 0, 0, 0.9418979, -0.3358992), -- 202639
(@OGUID+148, 0, 0, 0.9418979, -0.3358992), -- 202638
(@OGUID+149, 0, 0, 0.9418979, -0.3358992), -- 202645
(@OGUID+150, 0, 0, 0.9418979, -0.3358992), -- 202646
(@OGUID+151, 0, 0, 0.9418979, -0.3358992), -- 202627
(@OGUID+152, 0, 0, 0.9418979, -0.3358992), -- 202626
(@OGUID+153, 0, 0, 0.9418979, -0.3358992), -- 202632
(@OGUID+154, 0, 0, 0.9418979, -0.3358992), -- 202628
(@OGUID+155, 0, 0, 0.9418979, -0.3358992), -- 202634
(@OGUID+157, 0, 0, 0.9426414, -0.3338069), -- 206693
(@OGUID+158, 0, 0, 0.9418979, -0.3358992), -- 202624
(@OGUID+159, 0, 0, 0.9418979, -0.3358992); -- 202625